,state_code,area_code,prepandemic_growth,leisure_by_emp,total_emp_feb2020,manufacturing_emp_feb2020,service_emp_feb2020,total_emp_jun2021,manufacturing_emp_jun2021,service_emp_jun2021,total_employment,manufacturing,service,emp_tot_change_feb2020_jun2021,manufacturing_change_feb2020_jun2021,service_change_feb2020_jun2021
0,1,11500,0.023809523809523683,0.10503556624533024,46.9,7.8,39.1,44.4,7.6,36.8,47.3,7.8,39.5,-0.05330490405117272,-0.02564102564102566,-0.05882352941176483
1,1,12220,0.11423841059602646,0.1281998923313965,66.3,9.0,57.3,60.8,8.7,52.1,67.3,9.0,58.3,-0.0829562594268477,-0.03333333333333344,-0.09075043630017443
2,1,13820,0.046369036213834154,0.09400226025185666,541.3,71.0,470.3,507.7,67.6,440.1,546.1,71.8,474.4,-0.06207278773323477,-0.04788732394366202,-0.06421433127790765
3,1,19300,0.14672364672364668,,78.1,9.2,68.9,77.8,8.6,69.2,80.5,9.1,71.4,-0.003841229193341844,-0.06521739130434778,0.004354136429608024
4,1,19460,0.06679035250463825,0.09204465108306736,56.6,17.1,39.5,55.6,17.6,38.0,57.5,17.5,40.0,-0.017667844522968212,0.029239766081871288,-0.03797468354430378
5,1,20020,0.0507880910683012,0.1046851076860263,59.6,8.0,51.6,57.1,7.9,49.2,60.0,8.1,52.0,-0.04194630872483218,-0.012499999999999956,-0.046511627906976716
6,1,22520,0.02309058614564839,0.11069869456102245,56.8,12.6,44.2,53.4,11.9,41.5,57.6,12.7,44.9,-0.059859154929577496,-0.05555555555555547,-0.06108597285067874
7,1,23460,0.0053763440860213904,0.10583976989949258,37.3,6.4,30.9,32.7,4.9,27.8,37.4,6.4,31.1,-0.12332439678284168,-0.234375,-0.10032362459546917
8,1,26620,0.10251798561151071,0.08944675860395515,242.3,35.3,207.0,234.8,35.4,199.4,245.2,35.4,209.8,-0.030953363598844374,0.0028328611898016387,-0.03671497584541061
9,1,33660,0.027548209366391185,0.09488143887139179,185.4,30.0,155.4,173.6,29.2,144.4,186.5,30.4,156.1,-0.06364617044228704,-0.026666666666666727,-0.07078507078507079
10,1,33860,0.02538949798038071,0.09453906074298216,176.4,24.5,151.9,164.9,23.2,141.7,177.7,24.9,152.9,-0.06519274376417228,-0.053061224489796,-0.06714944042132998
11,1,46220,0.06786050895381718,0.10168069082797764,112.5,24.2,88.3,100.0,24.0,76.0,113.3,24.2,89.1,-0.11111111111111116,-0.008264462809917328,-0.13929784824462055
12,2,11260,-0.024295969077857568,0.10997839819553386,172.4,13.4,159.0,161.4,15.6,145.8,176.7,15.4,161.3,-0.06380510440835263,0.16417910447761197,-0.08301886792452828
13,2,21820,-0.010443864229764977,0.11337237208409323,36.4,3.4,33.0,34.9,4.3,30.6,37.9,4.1,33.8,-0.04120879120879117,0.2647058823529411,-0.07272727272727264
14,4,22380,0.052631578947368515,0.21876246781038042,66.6,6.1,60.5,60.5,6.6,53.9,68.0,6.4,61.6,-0.09159159159159147,0.08196721311475419,-0.10909090909090913
15,4,29420,0.10615711252653927,0.14839753503533265,51.7,6.6,45.1,50.2,6.6,43.6,52.1,6.6,45.4,-0.029013539651837505,0.0,-0.03325942350332589
16,4,38060,0.1383073147809742,0.1046262040289676,2162.1,264.1,1898.0,2045.0,270.2,1774.8,2180.2,270.3,1909.9,-0.05416030710882935,0.023097311624384664,-0.06491043203371971
17,4,39140,0.10570469798657725,0.15283998275959002,65.2,9.8,55.4,62.2,10.1,52.1,65.9,10.1,55.9,-0.04601226993865026,0.030612244897959107,-0.05956678700361007
18,4,43420,0.0,0.10395969844289434,33.7,2.4,31.3,33.6,3.6,30.0,33.9,2.5,31.4,-0.0029673590504450953,0.5,-0.04153354632587858
19,4,46060,0.06508714596949901,0.11256337885877013,391.0,46.9,344.1,359.6,47.2,312.4,391.1,47.9,343.2,-0.08030690537084395,0.006396588486140775,-0.0921243824469632
20,4,49740,0.0867924528301887,0.10633849867454037,59.1,5.8,53.3,52.7,5.9,46.8,57.6,5.7,51.9,-0.10829103214890012,0.017241379310344973,-0.12195121951219512
21,5,22220,0.12166172106824932,0.09873207914672857,261.2,41.9,219.3,253.2,43.0,210.2,264.6,42.8,221.8,-0.030627871362940318,0.026252983293556076,-0.041495668034655875
22,5,22900,0.0035366931918656562,0.08226696842149792,113.1,23.0,90.1,107.9,22.1,85.8,113.5,23.2,90.4,-0.04597701149425282,-0.03913043478260858,-0.047724750277469474
23,5,26300,0.05614973262032089,,39.4,4.6,34.8,37.0,4.7,32.3,39.5,4.7,34.8,-0.060913705583756306,0.021739130434782705,-0.07183908045977017
24,5,27860,0.1125461254612545,,59.5,9.9,49.6,56.7,10.4,46.3,60.3,10.3,50.1,-0.04705882352941171,0.05050505050505061,-0.06653225806451624
25,5,30780,0.041892277001995,0.09220806949884237,366.4,38.7,327.7,342.0,37.0,305.0,365.6,38.9,326.7,-0.066593886462882,-0.043927648578811485,-0.0692706743973146
26,5,38220,-0.018018018018017848,,32.9,5.9,27.0,31.1,5.7,25.4,32.7,6.0,26.7,-0.054711246200607855,-0.03389830508474578,-0.059259259259259345
27,6,11244,0.08226088081226156,0.1280813720984368,1658.2,264.4,1393.8,1464.5,248.5,1216.0,1673.5,266.4,1407.1,-0.11681341213363894,-0.060136157337367546,-0.12756493040608408
28,6,12540,0.06216006216006217,0.09687544066339461,268.9,38.1,230.8,250.7,34.6,216.1,273.4,38.8,234.6,-0.0676831535886947,-0.09186351706036744,-0.06369150779896016
29,6,17020,0.034659820282413205,0.10672342481055466,80.3,8.0,72.3,72.6,8.3,64.3,80.6,8.5,72.1,-0.09589041095890416,0.03750000000000009,-0.11065006915629327
30,6,20940,0.05335968379446632,0.07957787313000118,53.0,3.3,49.7,48.9,3.8,45.1,53.3,3.5,49.8,-0.07735849056603772,0.1515151515151516,-0.09255533199195176
31,6,23420,0.11956856702619419,0.09392880285670957,356.2,43.1,313.1,342.3,44.2,298.1,363.3,45.5,317.9,-0.03902302077484554,0.025522041763341052,-0.04790801660811239
32,6,25260,0.07235142118863042,0.08594639966424839,40.8,5.7,35.1,39.1,5.6,33.5,41.5,5.9,35.5,-0.04166666666666652,-0.01754385964912286,-0.04558404558404561
33,6,31084,0.06405561128087904,0.11250957841369215,4548.1,488.6,4059.5,4000.2,458.9,3541.3,4561.5,492.5,4069.0,-0.1204678876893649,-0.060785918952108164,-0.1276511885700209
34,6,31460,0.1408045977011496,0.0898833791599507,38.7,5.2,33.5,38.2,5.1,33.1,39.7,5.4,34.3,-0.012919896640826822,-0.019230769230769384,-0.011940298507462699
35,6,32900,0.1109350237717907,0.08442579031969995,69.5,11.6,57.9,65.2,12.7,52.5,70.1,12.6,57.5,-0.061870503597122206,0.09482758620689657,-0.09326424870466321
36,6,33700,0.09014423076923077,0.10418574767952106,177.7,30.5,147.2,169.4,30.8,138.6,181.4,31.9,149.4,-0.046707934721440525,0.009836065573770592,-0.05842391304347827
37,6,34900,0.06401137980085349,0.1726116573269353,72.9,17.6,55.3,63.7,16.9,46.8,74.8,18.4,56.3,-0.12620027434842251,-0.039772727272727404,-0.15370705244122962
38,6,36084,0.08366751731680637,0.09403568507948724,1177.1,173.1,1004.0,1057.7,168.1,889.6,1189.0,176.7,1012.3,-0.10143573188344224,-0.02888503755054883,-0.11394422310756969
39,6,37100,0.05533063427800282,0.11751446775250472,309.4,43.7,265.7,283.1,43.6,239.5,312.8,44.6,268.2,-0.0850032320620554,-0.0022883295194507935,-0.09860745201354904
40,6,39820,0.07679999999999995,0.1001097494055241,64.8,5.6,59.2,65.9,7.1,58.8,67.3,6.5,60.9,0.016975308641975495,0.2678571428571428,-0.006756756756756799
41,6,40140,0.14673069818987802,0.10863854420296762,1524.0,202.4,1321.6,1451.8,200.7,1251.1,1552.1,208.9,1343.2,-0.047375328083989476,-0.008399209486166126,-0.053344430992736114
42,6,40900,0.1130822812363954,0.10087636649299224,1008.8,100.8,908.0,947.7,106.6,841.1,1022.7,106.7,915.9,-0.060567010309278246,0.05753968253968256,-0.07367841409691622
43,6,41500,0.09015777610818934,0.16940561859950184,142.7,11.9,130.8,127.5,11.0,116.5,145.1,12.1,133.0,-0.10651716888577423,-0.0756302521008404,-0.10932721712538229
44,6,41740,0.08549971114962457,0.1272098057420309,1488.0,195.6,1292.4,1338.4,194.2,1144.2,1503.2,200.0,1303.2,-0.10053763440860208,-0.007157464212678932,-0.11467038068709379
45,6,41884,0.13360284916738852,0.11801485166750816,1156.6,81.6,1075.0,1038.3,79.9,958.4,1177.7,83.9,1093.8,-0.10228255230849037,-0.02083333333333315,-0.10846511627906974
46,6,41940,0.09660499713904272,0.08678694801004336,1135.5,223.3,912.2,1052.3,219.2,833.1,1149.9,225.3,924.6,-0.0732716864817261,-0.018360949395432202,-0.08671344003508008
47,6,42020,0.07271095152603226,0.1572744938256127,117.4,15.4,102.0,105.6,15.4,90.2,119.5,16.1,103.4,-0.10051107325383313,0.0,-0.11568627450980384
48,6,42034,0.04121863799283162,0.13310688549569855,114.5,12.5,102.0,101.2,12.4,88.8,116.2,13.0,103.2,-0.1161572052401747,-0.008000000000000007,-0.12941176470588234
49,6,42100,0.053861788617886146,0.13226841651499188,101.9,11.2,90.7,90.4,11.2,79.2,103.7,11.6,92.2,-0.11285574092247297,0.0,-0.1267916207276737
50,6,42200,0.06945975744211684,0.1419125159847574,191.8,22.8,169.0,173.5,21.5,152.0,194.0,22.8,171.1,-0.09541188738269035,-0.05701754385964919,-0.10059171597633132
51,6,42220,0.06091370558375635,0.11826721472654256,205.0,38.2,166.8,184.6,38.2,146.4,209.0,40.1,168.9,-0.0995121951219512,0.0,-0.12230215827338131
52,6,44700,0.13250802384227423,0.08727359100832863,241.9,32.3,209.6,236.6,33.2,203.4,247.0,33.7,213.2,-0.021909880115750346,0.02786377708978338,-0.029580152671755622
53,6,46700,0.08390022675736956,0.10649501617898377,141.7,24.3,117.4,129.5,23.6,105.9,143.4,25.3,118.1,-0.08609738884968232,-0.028806584362139898,-0.09795570698466782
54,6,47300,0.08629441624365485,0.09144219492030531,127.1,18.9,108.2,121.2,19.1,102.1,128.4,19.3,109.2,-0.046420141620771016,0.010582010582010692,-0.05637707948243997
55,6,49700,0.1320293398533007,0.09818616270229172,44.6,4.8,39.8,45.9,5.0,40.9,46.3,5.2,41.1,0.029147982062780242,0.04166666666666674,0.027638190954773822
56,8,14500,0.10249307479224377,0.10464142987507473,196.8,25.2,171.6,180.5,25.6,154.9,199.0,25.8,173.2,-0.08282520325203258,0.01587301587301604,-0.09731934731934722
57,8,17820,0.11028867505551448,0.12696092679483453,293.2,29.5,263.7,283.6,30.5,253.1,300.0,30.5,269.6,-0.032742155525238625,0.03389830508474567,-0.040197193780811546
58,8,19740,0.10066537883666025,0.1072745979788997,1504.6,178.0,1326.6,1428.4,177.6,1250.8,1538.4,182.7,1355.7,-0.0506446896185031,-0.0022471910112359383,-0.05713854967586307
59,8,22660,0.11961414790996781,0.12341542333273414,169.9,26.1,143.8,163.4,25.9,137.5,174.1,26.4,147.7,-0.038257798705120694,-0.00766283524904221,-0.04381084840055638
60,8,24300,0.060162601626016304,0.11945936711023365,64.2,10.0,54.2,60.3,8.6,51.7,65.2,10.0,55.2,-0.06074766355140193,-0.14,-0.04612546125461259
61,8,24540,0.12835820895522393,0.08579848252190408,111.4,35.0,76.4,102.1,30.0,72.1,113.4,35.6,77.8,-0.08348294434470382,-0.1428571428571429,-0.05628272251308919
62,8,39380,0.049423393739703454,0.10443684703096053,62.5,8.1,54.4,60.8,8.2,52.6,63.7,8.3,55.4,-0.027200000000000002,0.012345679012345734,-0.03308823529411764
63,9,71950,-0.010938259601361206,0.1009759603675741,400.2,40.4,359.8,357.1,39.4,317.7,406.9,41.6,365.3,-0.10769615192403792,-0.024752475247524774,-0.11700944969427463
64,9,72850,-0.008928571428571465,0.09495078296297449,76.0,11.4,64.6,68.7,11.3,57.4,77.7,11.9,65.9,-0.09605263157894728,-0.00877192982456132,-0.11145510835913308
65,9,73450,0.017860239292526364,0.07874383403302489,581.4,77.8,503.6,524.8,76.5,448.3,587.0,80.3,506.7,-0.09735122119023054,-0.016709511568123392,-0.10980937251787137
66,9,75700,0.031062477938581048,0.08359143437572854,287.7,33.9,253.8,268.3,34.2,234.1,292.1,35.3,256.9,-0.06743135210288487,0.00884955752212413,-0.07762017336485427
67,9,76450,0.013270882123341274,0.12498110783646951,126.8,21.5,105.3,108.9,21.0,87.9,129.8,21.8,107.9,-0.14116719242902198,-0.023255813953488413,-0.16524216524216517
68,9,78700,0.01321585903083709,0.0817211121683053,68.4,10.4,58.0,60.4,9.8,50.6,69.0,10.5,58.5,-0.11695906432748548,-0.05769230769230771,-0.12758620689655165
69,10,20100,0.03676470588235294,0.11404875683911626,69.8,7.5,62.3,65.3,7.6,57.7,70.5,7.7,62.9,-0.0644699140401146,0.013333333333333197,-0.07383627608346699
70,10,41540,0.06813757300454251,0.17218567938357446,154.2,23.6,130.6,155.1,23.0,132.1,164.6,24.0,140.6,0.005836575875486361,-0.025423728813559365,0.011485451761102494
71,10,48864,0.027270171492831008,0.09295927940199453,360.0,35.0,325.0,334.0,34.1,299.9,365.4,36.1,329.3,-0.07222222222222219,-0.02571428571428569,-0.07723076923076932
72,11,47894,0.0651119475379303,0.0957760179786342,2711.1,162.4,2548.7,2500.7,162.1,2338.6,2744.9,167.7,2577.2,-0.07760687543801414,-0.001847290640394128,-0.08243418213206732
73,12,15980,0.12941176470588225,0.15309047544045185,281.0,38.6,242.4,258.7,39.6,219.1,278.4,39.1,239.3,-0.0793594306049823,0.02590673575129543,-0.09612211221122113
74,12,18880,0.10148975791433884,0.18876456242084222,115.6,10.0,105.6,116.4,10.4,106.0,118.3,10.0,108.3,0.006920415224913601,0.040000000000000036,0.0037878787878788955
75,12,19660,0.09680851063829782,0.15459185503054063,207.1,25.7,181.4,193.4,24.7,168.7,206.2,25.5,180.7,-0.06615161757605015,-0.03891050583657585,-0.07001102535832426
76,12,22744,0.08496240601503753,0.10978100932379183,861.5,78.1,783.4,782.1,76.3,705.8,865.8,78.9,786.9,-0.09216482878699939,-0.023047375160051176,-0.09905539954046472
77,12,23540,0.09710896960711633,0.105393572582603,149.3,10.8,138.5,134.9,10.5,124.4,148.0,10.9,137.1,-0.09645010046885472,-0.02777777777777779,-0.10180505415162455
78,12,26140,0.015243902439024392,,33.8,3.6,30.2,31.6,3.5,28.1,33.3,3.5,29.8,-0.06508875739644959,-0.02777777777777779,-0.06953642384105951
79,12,27260,0.12072434607645875,0.11826322071971346,716.9,77.7,639.2,687.4,78.7,608.7,724.1,79.0,645.1,-0.04114939322081179,0.01287001287001277,-0.04771589486858574
80,12,29460,0.13262854396924553,0.10207773031693299,233.2,31.8,201.4,231.5,32.6,198.9,235.7,32.3,203.3,-0.007289879931389298,0.02515723270440251,-0.012413108242303905
81,12,33124,0.08205310363200435,0.1147283129710295,1216.7,95.9,1120.8,1094.0,94.5,999.5,1218.5,96.6,1121.9,-0.1008465521492562,-0.014598540145985495,-0.10822626695217696
82,12,34940,0.14327700220426157,0.18903593211564285,159.2,22.3,136.9,143.0,22.2,120.8,155.6,22.4,133.2,-0.10175879396984921,-0.004484304932735439,-0.11760409057706356
83,12,35840,0.10747004933051445,0.14322296190167105,316.7,43.2,273.5,293.6,42.8,250.8,314.3,43.5,270.7,-0.07293969055888838,-0.009259259259259411,-0.0829981718464351
84,12,36100,0.10623084780388142,0.12083104269745283,107.8,17.3,90.5,103.1,17.9,85.2,108.3,17.7,90.6,-0.04359925788497221,0.03468208092485536,-0.05856353591160213
85,12,36740,0.1462003454231433,0.19698054516703165,1320.2,133.6,1186.6,1115.6,131.4,984.2,1327.3,135.5,1191.9,-0.15497651870928653,-0.01646706586826341,-0.17057138041462994
86,12,37340,0.1487357461576599,0.12124049406372318,229.4,41.5,187.9,221.7,44.6,177.1,231.7,42.8,188.9,-0.03356582388840457,0.07469879518072298,-0.05747738158595006
87,12,37460,-0.01824817518248175,0.16492629438675468,79.1,9.8,69.3,78.5,10.3,68.2,80.7,9.9,70.8,-0.007585335018963302,0.05102040816326525,-0.015873015873015817
88,12,37860,0.111842105263158,0.13271516277081147,183.8,19.0,164.8,179.5,19.0,160.5,185.9,19.3,166.6,-0.023394994559303606,0.0,-0.026092233009708754
89,12,38940,0.12999273783587514,0.1296513779179201,155.5,19.1,136.4,148.3,19.7,128.6,155.6,19.5,136.1,-0.046302250803858414,0.03141361256544495,-0.05718475073313789
90,12,39460,0.08932461873638348,0.1517766622981628,50.4,5.0,45.4,47.1,5.3,41.8,50.0,5.1,44.9,-0.06547619047619047,0.06000000000000005,-0.07929515418502209
91,12,42680,0.11020408163265304,0.14967248408226835,54.8,6.6,48.2,50.5,6.5,44.0,54.4,6.8,47.6,-0.07846715328467146,-0.015151515151515138,-0.08713692946058094
92,12,42700,0.07377049180327873,,26.6,2.0,24.6,24.5,2.2,22.3,26.2,2.1,24.1,-0.07894736842105265,0.10000000000000009,-0.0934959349593496
93,12,45220,0.08173913043478258,0.10727124669804758,187.7,11.6,176.1,171.5,11.8,159.7,186.6,12.1,174.5,-0.08630793819925409,0.017241379310344973,-0.09312890403180019
94,12,45300,0.10768246862259158,0.11284094138869981,1378.3,148.5,1229.8,1309.5,149.6,1159.9,1385.6,150.9,1234.8,-0.04991656388304433,0.007407407407407307,-0.05683851032688236
95,12,45540,0.2129277566539923,,31.9,4.8,27.1,31.2,4.8,26.4,31.9,4.9,26.9,-0.021943573667711602,0.0,-0.02583025830258312
96,12,48424,0.09256733719740871,0.13735531080236346,643.5,59.1,584.4,584.2,56.9,527.3,640.9,59.0,581.8,-0.09215229215229204,-0.03722504230118451,-0.09770704996577695
97,13,10500,0.027823240589197967,,62.2,7.0,55.2,59.2,6.5,52.7,62.8,6.9,55.9,-0.048231511254019255,-0.0714285714285714,-0.04528985507246375
98,13,12020,0.07119386637458927,0.1104053426394346,96.9,10.1,86.8,88.8,9.2,79.6,97.8,9.9,87.9,-0.08359133126934992,-0.08910891089108919,-0.08294930875576045
99,13,12060,0.10377942998760842,0.10256674023639785,2819.9,299.8,2520.1,2625.1,291.4,2333.7,2850.4,303.8,2546.6,-0.06908046384623578,-0.028018679119413026,-0.0739653188365541
100,13,12260,0.06477024070021886,0.10735156084415776,239.6,42.0,197.6,229.4,41.4,188.0,243.3,43.2,200.1,-0.04257095158597657,-0.014285714285714346,-0.04858299595141702
101,13,15260,0.052631578947368494,,43.2,4.2,39.0,41.7,4.0,37.7,44.0,4.1,39.9,-0.03472222222222221,-0.04761904761904767,-0.033333333333333215
102,13,17980,0.014913007456503704,0.11916345298131119,122.1,15.9,106.2,116.1,15.2,100.9,122.5,15.7,106.8,-0.0491400491400491,-0.044025157232704504,-0.04990583804143123
103,13,19140,0.0030120481927709128,,66.2,25.5,40.7,63.1,23.2,39.9,66.6,25.3,41.3,-0.04682779456193353,-0.09019607843137256,-0.019656019656019708
104,13,23580,0.11785714285714292,,92.7,25.5,67.2,90.3,24.2,66.1,93.9,25.5,68.4,-0.02588996763754048,-0.050980392156862786,-0.016369047619047783
105,13,25980,0.07614213197969544,,21.2,2.9,18.3,20.3,2.6,17.7,21.2,2.8,18.3,-0.04245283018867918,-0.10344827586206895,-0.032786885245901676
106,13,31420,0.018811881188118867,0.09933635063199117,102.7,10.4,92.3,96.5,10.1,86.4,102.9,10.3,92.6,-0.060370009737098385,-0.028846153846153966,-0.06392199349945815
107,13,40660,0.039800995024875475,,41.8,7.2,34.6,39.0,6.7,32.3,41.8,7.2,34.6,-0.06698564593301426,-0.06944444444444442,-0.06647398843930652
108,13,42340,0.09768786127167634,0.1402499737972959,188.2,27.1,161.1,175.2,25.7,149.5,189.9,26.9,162.9,-0.06907545164718387,-0.05166051660516613,-0.07200496585971439
109,13,46660,0.025362318840579684,,56.0,7.6,48.4,53.3,7.2,46.1,56.6,7.5,49.1,-0.048214285714285765,-0.05263157894736836,-0.04752066115702469
110,13,47580,0.10310734463276833,,77.0,10.3,66.7,74.6,10.2,64.4,78.1,10.4,67.7,-0.03116883116883129,-0.009708737864077777,-0.03448275862068961
111,15,27980,0.07456724367509998,0.3060399897789702,80.5,5.3,75.2,54.1,5.4,48.7,80.7,5.6,75.1,-0.32795031055900614,0.018867924528301883,-0.3523936170212766
112,15,46520,0.01804511278195484,0.14988943671326205,475.1,37.7,437.4,389.9,35.7,354.2,473.9,38.0,435.9,-0.1793306672279521,-0.053050397877984046,-0.19021490626428894
113,16,14260,0.18212940773707628,0.09982186448505634,337.5,54.1,283.4,340.4,57.7,282.7,345.3,55.8,289.4,0.008592592592592485,0.06654343807763397,-0.0024700070571629373
114,16,17660,0.13996627318718377,0.14196334643707437,64.2,10.5,53.7,68.2,11.3,56.9,67.6,11.3,56.3,0.06230529595015577,0.07619047619047636,0.059590316573556734
115,16,26820,0.14146341463414638,0.09432557479924131,68.0,8.5,59.5,71.0,9.6,61.4,70.2,9.1,61.1,0.044117647058823595,0.12941176470588234,0.031932773109243584
116,16,30300,0.03636363636363636,0.09461622714634757,28.1,5.4,22.7,27.7,5.8,21.9,28.5,5.6,22.9,-0.014234875444839923,0.07407407407407396,-0.03524229074889873
117,16,38540,0.059659090909090745,0.10675459501811888,36.9,4.0,32.9,35.7,4.3,31.4,37.3,4.2,33.0,-0.032520325203251876,0.07499999999999996,-0.045592705167173286
118,16,46300,0.06787330316742081,,46.2,8.1,38.1,46.0,8.7,37.3,47.2,8.5,38.7,-0.0043290043290044045,0.07407407407407396,-0.0209973753280841
119,17,14010,-0.03138075313807531,0.11763796169806946,92.4,6.3,86.1,83.1,6.0,77.1,92.6,6.6,86.0,-0.10064935064935077,-0.04761904761904756,-0.1045296167247387
120,17,16060,0.012173913043478311,,58.1,6.6,51.5,52.8,6.7,46.1,58.2,6.9,51.3,-0.09122203098106718,0.015151515151515138,-0.10485436893203881
121,17,16580,0.03130590339892666,0.09981753557001678,116.4,11.1,105.3,104.6,11.3,93.3,115.3,11.6,103.7,-0.10137457044673548,0.018018018018018056,-0.11396011396011396
122,17,16974,0.037026931157739584,0.09625073345111583,3716.5,403.8,3312.7,3390.2,399.6,2990.6,3800.6,420.1,3380.4,-0.08779765908785153,-0.010401188707280795,-0.0972318652458719
123,17,19180,-0.05862068965517239,0.0796525196646209,27.1,5.5,21.6,25.7,5.1,20.6,27.3,5.6,21.7,-0.05166051660516613,-0.07272727272727275,-0.04629629629629628
124,17,19340,0.008108108108108109,0.09855396910101394,182.5,33.0,149.5,170.4,32.3,138.1,186.5,33.9,152.6,-0.06630136986301371,-0.02121212121212135,-0.07625418060200673
125,17,19500,-0.026923076923076897,0.09588007919298577,49.9,13.9,36.0,45.7,13.9,31.8,50.6,14.2,36.5,-0.08416833667334656,0.0,-0.1166666666666667
126,17,20994,0.022300469483568144,0.09671059409742715,257.1,49.3,207.8,230.7,48.1,182.6,261.3,50.9,210.5,-0.10268378063010519,-0.024340770791074995,-0.12127045235803668
127,17,28100,0.05517241379310341,0.0887757301433344,44.7,8.3,36.4,42.1,8.7,33.4,45.9,8.6,37.2,-0.058165548098433995,0.04819277108433728,-0.08241758241758246
128,17,29404,0.048375093029025054,0.09319880223172923,411.9,76.7,335.2,387.6,76.1,311.5,422.6,78.2,344.4,-0.05899490167516375,-0.007822685788787642,-0.07070405727923623
129,17,37900,-0.0322215941209724,0.1011181706224809,167.9,30.2,137.7,155.2,29.2,126.0,171.2,31.0,140.2,-0.07564026206075058,-0.0331125827814569,-0.08496732026143783
130,17,40420,-0.005940594059405978,0.0919680782597503,149.9,37.7,112.2,134.6,34.3,100.3,150.6,37.4,113.3,-0.10206804536357583,-0.09018567639257313,-0.10606060606060608
131,17,44100,-0.025202520252025178,0.09481487999648018,106.7,6.2,100.5,97.3,6.8,90.5,108.3,6.9,101.3,-0.08809746954076858,0.09677419354838701,-0.09950248756218905
132,18,14020,0.05053191489361698,0.1093411136941631,80.7,12.0,68.7,69.5,12.8,56.7,79.0,12.6,66.4,-0.1387856257744734,0.06666666666666665,-0.1746724890829694
133,18,18020,0.03307392996108955,0.07711236833632312,52.6,21.5,31.1,47.4,20.1,27.3,53.1,21.8,31.3,-0.09885931558935368,-0.06511627906976736,-0.12218649517684887
134,18,21140,0.07674236491777602,0.05525125872702654,138.9,72.4,66.5,127.9,65.4,62.5,137.5,70.4,67.0,-0.0791936645068394,-0.09668508287292821,-0.06015037593984962
135,18,21780,0.020886075949367162,0.09869379192731718,161.3,33.4,127.9,148.3,31.1,117.2,161.3,33.5,127.7,-0.08059516429014257,-0.06886227544910173,-0.08365910867865523
136,18,23060,0.05509259259259262,0.09355073833112876,224.9,48.7,176.2,210.3,46.3,164.0,227.9,49.5,178.4,-0.06491774121831928,-0.04928131416837789,-0.0692395005675368
137,18,23844,0.022338049143708114,0.11863789573720691,271.3,51.4,219.9,249.9,47.5,202.4,274.6,53.3,221.4,-0.07887946922226319,-0.07587548638132291,-0.07958162801273305
138,18,26900,0.07228324833267942,0.09880485007336456,1076.4,145.3,931.1,1017.2,145.5,871.7,1093.3,148.6,944.7,-0.05499814195466368,0.0013764624913970014,-0.06379551068628497
139,18,29020,-0.014851485148514887,0.10727570302038389,40.1,12.6,27.5,37.2,12.8,24.4,39.8,12.5,27.3,-0.0723192019950124,0.01587301587301604,-0.11272727272727279
140,18,29200,0.041136141038197876,0.09369776476419929,107.3,23.3,84.0,94.2,22.7,71.5,106.3,23.6,82.7,-0.1220876048462255,-0.025751072961373467,-0.14880952380952384
141,18,33140,-0.004807692307692376,0.12801025013831863,40.5,9.7,30.8,38.9,9.5,29.4,41.4,10.1,31.3,-0.03950617283950619,-0.020618556701030855,-0.045454545454545525
142,18,34620,-0.01757812500000011,0.10322611208489266,50.7,5.8,44.9,45.3,5.1,40.2,50.3,5.8,44.5,-0.10650887573964507,-0.12068965517241381,-0.1046770601336302
143,18,43780,0.046395431834404,0.09750889081324669,145.1,22.8,122.3,131.5,20.9,110.6,146.6,23.3,123.4,-0.09372846312887662,-0.08333333333333337,-0.09566639411283728
144,18,45460,-0.01457725947521866,0.10912600042495928,66.9,13.7,53.2,62.7,12.9,49.8,67.6,13.7,53.9,-0.06278026905829603,-0.058394160583941535,-0.06390977443609036
145,19,11180,0.007604562737642559,,54.3,6.9,47.4,45.9,7.1,38.8,53.0,7.2,45.8,-0.15469613259668502,0.02898550724637672,-0.18143459915611815
146,19,16300,0.017409470752089137,0.08200617026598847,143.8,27.2,116.6,133.8,27.5,106.3,146.1,28.5,117.6,-0.06954102920723226,0.011029411764705843,-0.08833619210977695
147,19,19780,0.07038626609442067,0.09429922500985162,366.1,38.6,327.5,348.6,41.2,307.4,374.1,41.7,332.4,-0.04780114722753348,0.06735751295336789,-0.06137404580152683
148,19,20220,0.013355592654424112,,59.8,11.8,48.0,56.8,12.4,44.4,60.7,12.5,48.2,-0.050167224080267525,0.05084745762711851,-0.07500000000000007
149,19,26980,0.02634245187436671,0.0974704163273128,100.5,8.8,91.7,93.5,9.3,84.2,101.3,9.4,91.9,-0.06965174129353235,0.05681818181818188,-0.08178844056706647
150,19,43580,0.0022650056625141885,0.09285168821251301,87.2,21.3,65.9,82.7,21.3,61.4,88.5,22.2,66.3,-0.05160550458715596,0.0,-0.06828528072837647
151,19,47940,-0.0010989010989010365,0.08529677693862354,90.6,19.8,70.8,83.4,19.5,63.9,90.9,20.3,70.6,-0.07947019867549654,-0.015151515151515138,-0.09745762711864403
152,20,29940,0.013358778625954254,0.1289849425893246,54.2,6.3,47.9,44.0,6.3,37.7,53.1,6.5,46.6,-0.1881918819188192,0.0,-0.21294363256784965
153,20,31740,0.007142857142857075,,43.6,4.9,38.7,35.3,5.1,30.2,42.3,5.2,37.1,-0.19036697247706436,0.04081632653061207,-0.21963824289405698
154,20,45820,0.0,0.07596037223480415,110.5,12.9,97.6,105.4,13.4,92.0,111.5,13.5,98.0,-0.0461538461538461,0.03875968992248069,-0.05737704918032782
155,20,48620,0.03552097428958051,0.10678425288003149,302.3,70.5,231.8,274.3,57.2,217.1,306.1,71.8,234.3,-0.09262322196493544,-0.18865248226950349,-0.06341673856773089
156,21,14540,0.061898211829436035,0.11262972204122501,76.4,15.9,60.5,69.2,15.6,53.6,77.2,16.3,60.9,-0.09424083769633507,-0.018867924528301883,-0.1140495867768595
157,21,21060,0.03102189781021903,0.10108303249097474,56.2,10.0,46.2,51.4,9.3,42.1,56.5,10.0,46.4,-0.0854092526690392,-0.06999999999999995,-0.08874458874458879
158,21,30460,0.031423290203327174,0.11019605620539469,273.5,43.3,230.2,258.0,41.5,216.5,279.0,44.1,234.8,-0.05667276051188297,-0.04157043879907618,-0.059513466550825345
159,21,31140,0.051270063892784754,0.1004967887387298,664.5,111.5,553.0,618.7,105.5,513.2,674.6,112.8,561.8,-0.06892400300978174,-0.053811659192825156,-0.07197106690777566
160,21,36980,0.03300970873786413,0.09367692237149793,52.5,11.3,41.2,48.9,10.9,38.0,53.2,11.6,41.6,-0.06857142857142862,-0.03539823008849563,-0.07766990291262144
161,22,10780,-0.02511773940345371,,61.9,8.0,53.9,58.3,7.8,50.5,62.1,8.1,54.0,-0.05815831987075937,-0.025000000000000022,-0.06307977736549164
162,22,12940,0.02000493949123246,0.09493627872480621,416.8,86.1,330.7,366.8,67.5,299.3,413.0,81.1,331.9,-0.1199616122840691,-0.21602787456445993,-0.09495010583610519
163,22,25220,0.04988662131519265,,45.5,3.9,41.6,43.6,4.4,39.2,46.3,4.1,42.1,-0.04175824175824172,0.12820512820512842,-0.05769230769230771
164,22,26380,-0.10082304526748968,0.09053855768708223,86.4,18.0,68.4,78.9,15.8,63.1,87.4,18.3,69.1,-0.08680555555555558,-0.12222222222222223,-0.07748538011695916
165,22,29180,-0.04246383574428382,0.10389931625039021,203.9,38.3,165.6,185.8,33.6,152.2,205.2,39.1,166.0,-0.08876900441392832,-0.12271540469973885,-0.08091787439613529
166,22,29340,0.10735009671179878,0.13179267084846488,114.6,34.9,79.7,95.2,25.0,70.2,114.5,34.6,79.9,-0.16928446771378702,-0.2836676217765043,-0.11919698870765372
167,22,33740,-0.007566204287515692,0.10158885208870709,78.8,10.1,68.7,72.1,9.2,62.9,78.7,10.2,68.5,-0.0850253807106599,-0.08910891089108919,-0.0844250363901019
168,22,35380,0.015440666204024943,0.14693615251823938,584.9,63.8,521.1,506.4,58.5,447.9,585.3,63.6,521.8,-0.1342109762352539,-0.08307210031347956,-0.14047207829591257
169,22,43340,-0.015760869565217422,0.12628771461910326,181.4,23.9,157.5,163.3,21.1,142.2,181.1,23.7,157.4,-0.09977949283351706,-0.11715481171548103,-0.0971428571428572
170,23,70750,0.030211480362537763,0.09448042047105676,67.1,5.4,61.7,62.0,5.8,56.2,68.2,6.1,62.1,-0.07600596125186276,0.07407407407407396,-0.08914100486223664
171,23,74650,0.021868787276341978,0.07279033551979615,51.0,7.8,43.2,47.8,8.1,39.7,51.4,8.1,43.4,-0.0627450980392158,0.03846153846153855,-0.08101851851851849
172,23,76750,0.0740927419354838,0.10894140634086202,206.8,23.6,183.2,190.9,24.0,166.9,213.1,24.6,188.5,-0.07688588007736952,0.016949152542372836,-0.0889737991266375
173,24,12580,0.04494546519288493,0.09318541533840069,1408.2,136.9,1271.3,1290.2,137.3,1152.9,1427.5,141.3,1286.2,-0.0837949154949581,0.0029218407596787177,-0.09313301345079827
174,24,15680,0.03973509933774844,,47.0,2.5,44.5,46.2,2.7,43.5,47.1,2.6,44.5,-0.017021276595744594,0.08000000000000007,-0.022471910112359605
175,24,19060,0.0,,39.2,5.8,33.4,35.0,5.2,29.8,38.9,5.7,33.2,-0.1071428571428572,-0.10344827586206895,-0.10778443113772451
176,24,25180,0.011505273250239721,0.09331218609569121,102.9,13.2,89.7,97.3,13.5,83.8,105.5,13.8,91.7,-0.054421768707483054,0.022727272727272707,-0.06577480490523979
177,24,43524,0.03696698762035763,0.0895826975116483,594.6,52.9,541.7,537.6,51.7,485.9,603.1,53.9,549.2,-0.09586276488395562,-0.022684310018903475,-0.10300904559719415
178,25,70900,0.030769230769230795,0.17828682971638535,96.1,9.9,86.2,93.9,10.3,83.6,107.2,10.5,96.7,-0.02289281997918824,0.04040404040404044,-0.030162412993039567
179,25,71654,0.07630025302220975,0.09498887315923926,1878.0,148.0,1730.0,1660.4,140.7,1519.7,1914.2,153.5,1760.8,-0.11586794462193817,-0.04932432432432443,-0.12156069364161848
180,25,72104,0.04899497487437193,0.08175302374197402,82.1,10.5,71.6,70.4,10.0,60.4,83.5,11.0,72.5,-0.1425091352009743,-0.04761904761904767,-0.15642458100558654
181,25,73104,0.010976314269208583,0.07597201434090986,171.0,30.3,140.7,153.4,29.9,123.5,175.0,31.1,143.9,-0.10292397660818708,-0.01320132013201325,-0.12224591329068935
182,25,73604,0.05069124423963151,0.12111605454185194,66.0,14.5,51.5,60.2,13.7,46.5,68.4,15.0,53.4,-0.08787878787878789,-0.05517241379310345,-0.09708737864077666
183,25,74204,0.009756097560975575,0.09061706042110801,81.7,12.3,69.4,72.6,11.4,61.2,82.8,12.6,70.3,-0.1113831089351286,-0.07317073170731714,-0.11815561959654186
184,25,74500,0.05708661417322846,0.10738548695391849,53.0,8.5,44.5,46.5,8.3,38.2,53.7,8.8,44.9,-0.12264150943396224,-0.0235294117647058,-0.14157303370786511
185,25,74804,0.08428093645484946,0.08242635432817033,159.5,32.4,127.1,143.8,32.5,111.3,162.1,33.6,128.5,-0.09843260188087766,0.0030864197530864335,-0.12431156569630208
186,25,74854,0.010869565217391304,0.11741060872763578,45.3,5.7,39.6,39.5,5.7,33.8,46.5,6.0,40.6,-0.1280353200883002,0.0,-0.14646464646464652
187,25,75550,0.018126888217522702,0.10209942742888309,66.4,9.7,56.7,58.2,8.6,49.6,67.4,9.8,57.6,-0.12349397590361444,-0.11340206185567003,-0.12522045855379194
188,25,76524,0.014767932489451538,0.10890736190852034,94.9,10.5,84.4,79.6,10.1,69.5,96.2,10.8,85.4,-0.16122233930453123,-0.03809523809523818,-0.17654028436018965
189,25,76600,-0.03309692671394796,0.1254006999382407,39.4,5.0,34.4,35.1,4.8,30.3,40.9,5.3,35.6,-0.10913705583756339,-0.040000000000000036,-0.1191860465116279
190,25,78100,0.0334855403348554,0.08990329156902717,335.5,39.5,296.0,291.9,39.9,252.0,339.5,41.4,298.1,-0.1299552906110284,0.010126582278481067,-0.14864864864864868
191,25,78254,0.050933786078098474,0.09212454938002615,60.7,9.3,51.4,54.6,8.9,45.7,61.9,9.6,52.3,-0.10049423393739709,-0.043010752688172116,-0.11089494163424118
192,25,79600,0.04086021505376336,0.08512619124193854,286.8,38.1,248.7,255.7,36.9,218.8,290.4,39.3,251.1,-0.10843793584379369,-0.03149606299212604,-0.12022517088862072
193,26,11460,0.07562235791451383,0.07626005895076357,227.9,19.3,208.6,197.6,17.2,180.4,229.0,19.5,209.5,-0.13295304958315057,-0.10880829015544047,-0.13518696069031633
194,26,12980,-0.015358361774744003,0.07670525526776048,57.7,13.1,44.6,51.0,12.0,39.0,57.7,13.1,44.6,-0.11611785095320626,-0.08396946564885499,-0.12556053811659196
195,26,13020,-0.03296703296703285,0.12273422887264082,34.7,5.7,29.0,32.2,5.8,26.4,35.2,6.0,29.2,-0.0720461095100865,0.01754385964912264,-0.08965517241379317
196,26,19804,0.0509718635313307,0.09888856540475861,765.5,117.1,648.4,670.2,102.5,567.7,773.2,117.3,655.9,-0.12449379490529056,-0.12467976088812971,-0.12446020974706962
197,26,22420,0.022107590272660283,0.10881134901753456,136.8,18.1,118.7,123.2,18.1,105.1,138.7,18.9,119.8,-0.09941520467836262,0.0,-0.11457455770850888
198,26,24340,0.07561436672967864,0.0843441017790397,563.7,142.8,420.9,504.4,130.6,373.8,569.0,144.8,424.2,-0.10519780024835912,-0.08543417366946793,-0.11190306486101209
199,26,27100,0.04255319148936168,0.08778442863995661,57.8,11.8,46.0,52.7,10.8,41.9,58.8,12.0,46.8,-0.08823529411764697,-0.0847457627118644,-0.08913043478260874
200,26,28020,0.059691011235955056,0.10434178250204416,150.0,29.0,121.0,133.6,27.8,105.8,150.9,29.6,121.4,-0.1093333333333334,-0.04137931034482756,-0.12561983471074378
201,26,29620,0.051769911504424726,0.0784325918095564,238.8,27.4,211.4,209.2,26.9,182.3,237.7,27.5,210.2,-0.12395309882747074,-0.018248175182481785,-0.1376537369914853
202,26,33220,-0.015789473684210565,,37.4,8.8,28.6,34.0,8.2,25.8,37.4,8.8,28.7,-0.09090909090909083,-0.06818181818181834,-0.09790209790209792
203,26,33780,-0.025882352941176506,0.10656500989407526,40.6,7.4,33.2,36.8,7.0,29.8,41.4,7.6,33.8,-0.0935960591133006,-0.05405405405405406,-0.10240963855421692
204,26,34740,0.014195583596214489,0.11416919575113814,63.0,16.1,46.9,56.7,14.1,42.6,64.3,16.4,47.9,-0.09999999999999998,-0.12422360248447217,-0.09168443496801704
205,26,35660,0.024350649350649352,0.1161022537724505,61.2,15.8,45.4,56.2,14.0,42.2,63.1,15.7,47.4,-0.0816993464052288,-0.11392405063291144,-0.07048458149779724
206,26,40980,-0.003409090909090877,0.09940558473873376,86.7,15.2,71.5,76.6,13.9,62.7,87.7,15.3,72.3,-0.11649365628604391,-0.08552631578947367,-0.12307692307692308
207,26,47664,0.05585106382978727,0.09125387215348667,1252.0,211.4,1040.6,1108.5,199.9,908.6,1270.4,216.4,1054.0,-0.11461661341853036,-0.054399243140965,-0.12684989429175464
208,27,20260,0.008082292432035227,0.10272973904437038,136.2,16.8,119.4,121.0,16.0,105.0,137.2,17.8,119.4,-0.11160058737151246,-0.04761904761904767,-0.12060301507537696
209,27,31860,0.04448398576512455,,58.1,9.9,48.2,52.8,9.8,43.0,58.7,10.7,48.1,-0.09122203098106718,-0.010101010101010055,-0.10788381742738595
210,27,33460,0.05486762343920009,0.08903940364666914,1999.0,272.6,1726.4,1837.2,280.3,1556.9,2036.0,287.4,1748.6,-0.08094047023511752,0.028246515040352138,-0.09818118628359596
211,27,40340,0.06249999999999998,0.08716699830714861,121.4,15.3,106.1,113.7,16.2,97.5,124.1,16.2,108.0,-0.06342668863261947,0.05882352941176472,-0.08105560791705935
212,27,41060,0.03361344537815134,0.07566383372231274,109.4,21.2,88.2,101.3,22.0,79.3,110.7,22.6,88.1,-0.07404021937842786,0.037735849056603765,-0.10090702947845809
213,28,25060,0.012305699481865322,0.19384853168469857,154.1,25.0,129.1,146.4,24.8,121.6,156.3,25.1,131.2,-0.04996755353666438,-0.008000000000000007,-0.05809450038729669
214,28,25620,0.049679487179487204,0.12288852136100943,65.6,7.4,58.2,60.8,7.2,53.6,65.5,7.5,58.0,-0.07317073170731703,-0.027027027027027084,-0.07903780068728528
215,28,27140,0.01709090909090905,0.09177756653992392,279.5,31.7,247.8,258.3,29.2,229.1,279.7,31.8,248.0,-0.07584973166368514,-0.07886435331230279,-0.07546408393866022
216,29,16020,0.024943310657596404,,45.0,6.1,38.9,42.7,6.2,36.5,45.2,6.2,38.9,-0.051111111111110996,0.016393442622950838,-0.06169665809768632
217,29,17860,0.021298174442190756,,100.8,7.7,93.1,92.7,7.9,84.8,100.7,7.9,92.9,-0.0803571428571428,0.025974025974025983,-0.08915145005370562
218,29,27620,0.030303030303030262,,76.6,10.6,66.0,75.7,11.3,64.4,78.2,11.2,67.1,-0.011749347258485532,0.0660377358490567,-0.024242424242424176
219,29,27900,0.016311166875784155,,80.5,16.5,64.0,75.2,16.2,59.0,81.0,16.6,64.4,-0.06583850931677016,-0.018181818181818188,-0.078125
220,29,28140,0.04921636085626911,0.09780933387226448,1078.2,128.6,949.6,1033.7,132.8,900.9,1097.9,133.8,964.1,-0.04127249118901877,0.03265940902021791,-0.051284751474305
221,29,41140,0.009693053311793239,,61.8,13.8,48.0,59.6,14.0,45.6,62.5,14.3,48.2,-0.03559870550161803,0.014492753623188248,-0.04999999999999993
222,29,41180,0.03694690265486719,0.10483001827461913,1385.3,182.1,1203.2,1291.3,180.9,1110.4,1406.1,187.6,1218.5,-0.067855338193893,-0.006589785831960349,-0.0771276595744681
223,29,44180,0.056894889103182175,0.09930639779567521,217.6,25.7,191.9,206.9,26.1,180.8,219.2,26.4,192.8,-0.04917279411764697,0.015564202334630517,-0.05784262636789994
224,30,13740,0.015421115065243145,0.13813746293615892,83.9,9.1,74.8,83.5,9.9,73.6,85.6,9.9,75.8,-0.00476758045292025,0.08791208791208804,-0.016042780748663166
225,30,24500,0.0,0.13235885744937637,35.4,3.0,32.4,34.4,3.5,30.9,36.0,3.3,32.7,-0.02824858757062143,0.16666666666666674,-0.04629629629629628
226,30,33540,0.07130730050933791,0.13319924232068586,61.8,5.5,56.3,60.3,6.4,53.9,63.1,6.1,57.0,-0.024271844660194164,0.1636363636363638,-0.04262877442273527
227,31,24260,0.0023752969121140478,,41.7,10.2,31.5,39.9,10.1,29.8,42.2,10.4,31.8,-0.043165467625899345,-0.009803921568627416,-0.053968253968254
228,31,30700,0.03817204301075266,0.09538636077146094,191.1,21.9,169.2,179.6,22.8,156.8,193.1,22.9,170.3,-0.06017791732077449,0.04109589041095907,-0.07328605200945615
229,31,36540,0.029232643118148553,0.09802277616216397,497.4,61.2,436.2,475.9,63.7,412.2,507.0,64.1,442.9,-0.04322476879774828,0.040849673202614456,-0.05502063273727653
230,32,16180,0.08865248226950355,0.11686062900173147,30.2,4.0,26.2,29.4,4.0,25.4,30.7,4.2,26.5,-0.026490066225165587,0.0,-0.03053435114503822
231,32,29820,0.1286180631120784,0.280560535429452,1022.7,93.2,929.5,842.9,91.4,751.5,1037.2,96.1,941.1,-0.17580913268798282,-0.01931330472102999,-0.19150080688542226
232,32,39900,0.17870722433460073,0.1555068948364367,243.7,42.8,200.9,226.9,42.7,184.2,248.0,43.9,204.1,-0.06893721789084939,-0.002336448598130758,-0.08312593330014939
233,33,73050,0.04606525911708251,0.09511920827710305,54.7,7.2,47.5,47.5,6.4,41.1,54.5,7.4,47.1,-0.13162705667276053,-0.11111111111111105,-0.13473684210526315
234,33,74950,0.06375227686703097,0.08469485951164835,117.4,13.2,104.2,102.7,12.8,89.9,116.8,13.5,103.3,-0.12521294718909715,-0.030303030303030165,-0.13723608445297497
235,33,75404,0.04462151394422306,0.08927886549237148,128.5,26.9,101.6,120.2,26.9,93.3,131.1,27.7,103.5,-0.06459143968871595,0.0,-0.08169291338582674
236,33,76900,0.0827586206896552,0.1253876478318002,90.6,11.3,79.3,87.0,11.6,75.4,94.2,11.5,82.7,-0.039735099337748325,0.0265486725663715,-0.0491803278688524
237,34,12100,0.03493788819875776,0.28673814845201384,129.2,7.5,121.7,91.2,7.6,83.6,133.3,7.9,125.4,-0.2941176470588235,0.013333333333333197,-0.31306491372226797
238,34,15804,0.05420054200542005,0.0860661464742766,534.6,61.1,473.5,481.2,59.7,421.5,544.6,63.1,481.6,-0.09988776655443332,-0.022913256955810146,-0.10982048574445613
239,34,35084,0.04065795023196967,0.0780825668090141,1216.5,120.1,1096.4,1077.0,116.9,960.1,1233.7,123.8,1109.9,-0.1146732429099877,-0.026644462947543635,-0.12431594308646488
240,34,36140,0.021176470588235262,0.27100278629928787,34.0,3.2,30.8,41.4,3.5,37.9,43.4,3.5,39.9,0.2176470588235293,0.09375,0.23051948051948035
241,34,45940,0.0786042944785276,0.05382042502118047,276.5,15.8,260.7,257.9,15.2,242.7,281.3,16.6,264.6,-0.06726943942133823,-0.03797468354430389,-0.0690448791714614
242,34,47220,0.02417962003454229,0.06071802450889829,58.5,11.5,47.0,54.3,11.0,43.3,59.3,11.8,47.5,-0.07179487179487187,-0.04347826086956519,-0.07872340425531921
243,35,10740,0.04700630252100834,0.10738461822876387,395.5,39.7,355.8,362.3,39.4,322.9,398.7,41.3,357.5,-0.0839443742098609,-0.007556675062972418,-0.0924676784710512
244,35,22140,-0.07407407407407403,,47.5,9.6,37.9,39.9,7.4,32.5,47.5,9.7,37.7,-0.16000000000000003,-0.22916666666666663,-0.1424802110817942
245,35,29740,0.051063829787233964,0.10972717472427226,74.1,6.4,67.7,67.3,6.5,60.8,74.1,6.5,67.6,-0.09176788124156543,0.015625,-0.10192023633678005
246,35,42140,0.01605136436597111,0.16530147673988746,62.5,3.7,58.8,54.9,3.8,51.1,63.3,3.9,59.4,-0.12160000000000004,0.027027027027026973,-0.13095238095238093
247,36,10580,0.033501204291657566,0.08265455034724023,466.1,43.2,422.9,418.7,45.3,373.4,472.0,46.3,425.7,-0.10169491525423735,0.04861111111111094,-0.11704894774178298
248,36,13780,0.003891050583657643,0.09703602478618381,102.3,14.6,87.7,90.2,14.7,75.5,103.2,15.3,88.0,-0.11827956989247301,0.006849315068493178,-0.1391106043329533
249,36,15380,0.018394950405771045,0.10295237600713113,557.6,70.8,486.8,483.6,69.6,414.0,564.7,73.7,491.0,-0.13271162123385938,-0.016949152542372947,-0.14954806902218576
250,36,20524,0.02691511387163565,0.0969369250552277,147.0,17.1,129.9,127.8,16.4,111.4,148.8,17.7,131.2,-0.1306122448979592,-0.04093567251462005,-0.14241724403387224
251,36,21300,-0.0314136125654451,0.09153303190970301,36.7,6.4,30.3,33.0,6.2,26.8,37.0,6.6,30.4,-0.10081743869209814,-0.03125,-0.11551155115511547
252,36,24020,-0.014414414414414363,0.13736215456262907,52.3,8.2,44.1,47.6,8.1,39.5,54.7,8.5,46.2,-0.08986615678776277,-0.012195121951219523,-0.10430839002267578
253,36,27060,0.004731861198738238,0.07101097148931323,65.8,4.2,61.6,54.2,3.5,50.7,63.7,4.1,59.6,-0.17629179331306988,-0.16666666666666674,-0.17694805194805197
254,36,28740,0.021346469622331762,0.1268095303568974,61.1,6.0,55.1,53.6,5.6,48.0,62.2,6.4,55.8,-0.12274959083469716,-0.06666666666666676,-0.12885662431941924
255,36,35004,0.028567075493258168,0.0909166904427439,1319.9,151.0,1168.9,1149.4,137.8,1011.6,1350.2,155.0,1195.2,-0.12917645276157286,-0.0874172185430463,-0.13457096415433323
256,36,35614,0.07314109593100783,0.09035093073354677,7132.7,472.3,6660.4,6090.8,412.6,5678.2,7242.2,483.7,6758.5,-0.14607371682532555,-0.126402710141859,-0.14746862050327303
257,36,40380,0.021385314155942598,0.08483904841220988,536.5,76.8,459.7,472.5,76.2,396.3,539.7,79.4,460.3,-0.11929170549860202,-0.007812499999999889,-0.13791603219490967
258,36,45060,0.020057306590257732,0.0894931251500954,316.7,37.5,279.2,283.4,37.2,246.2,320.4,39.3,281.1,-0.10514682664982633,-0.007999999999999896,-0.11819484240687683
259,36,46540,0.02633679169992017,0.08218734832551364,127.5,14.3,113.2,114.7,13.9,100.8,128.6,14.8,113.8,-0.10039215686274505,-0.027972027972028024,-0.10954063604240283
260,36,48060,-0.028103044496487185,0.1101335564081114,40.5,3.4,37.1,37.4,3.6,33.8,41.5,3.8,37.7,-0.07654320987654328,0.05882352941176472,-0.08894878706199472
261,37,11700,0.09597352454495299,0.14464031809545383,196.9,32.1,164.8,174.1,29.9,144.2,198.7,32.4,166.4,-0.11579481970543426,-0.06853582554517146,-0.1250000000000001
262,37,15500,0.0771812080536913,0.12353224718017934,63.4,12.4,51.0,58.5,11.5,47.0,64.2,12.6,51.6,-0.07728706624605675,-0.07258064516129037,-0.07843137254901966
263,37,16740,0.11459177243676294,0.11104238235797827,1221.1,177.3,1043.8,1161.6,169.9,991.7,1238.2,179.3,1058.9,-0.04872655802145609,-0.04173716864072197,-0.04991377658555274
264,37,20500,0.0881378396288932,0.0827175109716923,327.5,42.1,285.4,304.7,41.9,262.8,328.4,42.6,285.8,-0.06961832061068707,-0.004750593824228044,-0.07918710581639787
265,37,22180,0.0344827586206897,0.12158719610123495,131.9,14.5,117.4,122.7,13.1,109.6,132.0,14.6,117.3,-0.06974981046247164,-0.096551724137931,-0.06643952299829647
266,37,24140,-0.01428571428571432,,41.7,7.2,34.5,39.1,7.2,31.9,41.4,7.1,34.3,-0.062350119904076795,0.0,-0.07536231884057976
267,37,24660,0.029087828297091087,0.09709160571229532,363.2,69.4,293.8,331.1,65.4,265.7,364.4,69.4,294.9,-0.08838105726872236,-0.057636887608069176,-0.0956432947583391
268,37,24780,0.04241645244215935,0.11615266808804546,81.7,10.0,71.7,74.0,9.8,64.2,81.1,10.3,70.9,-0.09424724602203183,-0.019999999999999907,-0.10460251046025104
269,37,25860,0.056385869565217475,0.0890333521763708,155.0,46.6,108.4,144.3,43.1,101.2,155.5,46.5,109.0,-0.06903225806451607,-0.07510729613733902,-0.06642066420664205
270,37,27340,0.01836734693877548,,49.9,3.4,46.5,47.6,3.5,44.1,49.9,3.5,46.4,-0.04609218436873741,0.02941176470588247,-0.05161290322580647
271,37,35100,0.02262443438914027,,44.8,5.8,39.0,42.7,5.4,37.3,45.2,5.9,39.3,-0.04687499999999989,-0.06896551724137923,-0.04358974358974366
272,37,39580,0.12077043206663202,0.10841564064402655,638.0,71.6,566.4,601.3,72.0,529.3,645.9,72.5,573.4,-0.05752351097178687,0.005586592178770999,-0.06550141242937857
273,37,40580,-0.0088339222614841,0.09374397635518619,56.9,13.3,43.6,51.3,12.3,39.0,56.1,13.0,43.1,-0.09841827768014066,-0.07518796992481203,-0.10550458715596334
274,37,48900,0.103419516263553,0.14958433087639253,129.8,15.0,114.8,122.9,14.7,108.2,132.3,15.2,117.0,-0.05315870570107861,-0.020000000000000018,-0.057491289198606244
275,37,49180,0.04895913646877428,0.10351381295093634,270.8,44.3,226.5,249.5,43.6,205.9,272.1,44.6,227.5,-0.07865583456425407,-0.015801354401805745,-0.09094922737306843
276,38,13900,-0.026737967914438502,0.09619153383851577,71.6,5.7,65.9,69.8,6.6,63.2,72.8,6.6,66.2,-0.025139664804469275,0.1578947368421051,-0.04097116843702586
277,38,22020,0.03719599427753926,0.09633605483318214,143.4,17.4,126.0,134.6,19.3,115.3,145.0,19.1,126.0,-0.06136680613668066,0.10919540229885061,-0.08492063492063495
278,38,24220,-0.029929577464788658,0.1071034228928966,54.8,6.8,48.0,49.1,7.2,41.9,55.1,7.5,47.6,-0.10401459854014594,0.05882352941176472,-0.12708333333333333
279,39,10420,0.00828892835997635,0.0965212295562304,336.5,52.9,283.6,310.6,51.1,259.5,340.6,54.7,285.8,-0.0769687964338781,-0.03402646502835538,-0.08497884344146689
280,39,15940,0.00639163277164436,0.10966914557733991,170.9,35.1,135.8,159.8,33.3,126.5,173.2,35.6,137.6,-0.06495026331187825,-0.05128205128205143,-0.06848306332842424
281,39,17140,0.054624223017517425,0.10855521481812949,1097.9,164.7,933.2,1033.9,161.4,872.5,1119.8,168.6,951.2,-0.05829310501867202,-0.02003642987249532,-0.06504500642948996
282,39,17460,0.03309737899368654,0.09449684302792284,1062.3,158.8,903.5,989.6,152.0,837.6,1080.0,162.3,917.6,-0.06843641155982294,-0.04282115869017644,-0.07293857221914768
283,39,18140,0.07044013069383066,0.09453991978819316,1092.7,113.3,979.4,1042.0,114.9,927.1,1113.9,117.6,996.4,-0.04639882858973188,0.014121800529567574,-0.05340004084133143
284,39,19380,0.03185887309110049,0.09870758185521937,386.3,56.3,330.0,365.0,54.0,311.0,391.9,57.4,334.5,-0.05513849339891275,-0.04085257548845467,-0.05757575757575761
285,39,30620,0.013384321223709424,0.09403226173412506,52.3,11.0,41.3,49.2,10.5,38.7,53.0,11.3,41.7,-0.05927342256214141,-0.045454545454545414,-0.06295399515738487
286,39,31900,-0.007619047619047592,0.10072572284299046,51.5,11.9,39.6,47.6,11.1,36.5,52.1,12.1,40.1,-0.07572815533980581,-0.06722689075630262,-0.07828282828282829
287,39,44220,-0.01968503937007874,0.1030997467133036,49.8,8.4,41.4,46.2,7.5,38.7,49.8,8.3,41.4,-0.07228915662650592,-0.1071428571428572,-0.06521739130434767
288,39,45780,0.021653543307086503,0.10404572198588233,307.6,59.3,248.3,278.8,58.1,220.7,311.4,62.3,249.1,-0.09362808842652803,-0.0202360876897133,-0.11115585984695942
289,39,48260,-0.037825059101654714,0.11418674877138969,40.2,7.3,32.9,37.6,6.1,31.5,40.7,7.2,33.5,-0.06467661691542292,-0.1643835616438356,-0.04255319148936165
290,39,49660,-0.040301151461470425,0.10964576576378142,215.3,35.7,179.6,194.3,32.4,161.9,216.7,35.5,181.2,-0.09753831862517415,-0.09243697478991608,-0.09855233853006673
291,40,21420,-0.06249999999999997,,25.7,5.0,20.7,24.3,4.4,19.9,25.5,4.9,20.6,-0.05447470817120614,-0.11999999999999988,-0.03864734299516914
292,40,30020,-0.019565217391304318,0.11142327060694403,44.9,5.1,39.8,41.9,4.9,37.0,45.1,5.2,40.0,-0.06681514476614703,-0.039215686274509665,-0.07035175879396982
293,40,36420,0.048381979695431475,0.11051242085480541,654.1,86.9,567.2,617.6,74.2,543.4,660.9,85.5,575.5,-0.05580186515823271,-0.14614499424626004,-0.0419605077574049
294,40,46140,0.03261112352021448,0.0980851656736422,456.9,88.0,368.9,429.6,80.1,349.5,462.3,87.5,374.8,-0.05975049244911346,-0.08977272727272734,-0.0525887774464624
295,41,10540,0.10613207547169812,0.07952429095939982,46.6,11.9,34.7,43.3,11.1,32.2,46.9,12.3,34.5,-0.07081545064377692,-0.06722689075630262,-0.0720461095100865
296,41,13460,0.17385444743935297,0.15016220777142528,84.4,12.1,72.3,80.9,12.4,68.5,87.1,12.9,74.3,-0.041469194312796165,0.024793388429752206,-0.052558782849239205
297,41,18700,0.05839416058394157,0.09525425646246959,44.5,4.5,40.0,38.7,4.1,34.6,43.5,4.6,38.9,-0.1303370786516853,-0.08888888888888902,-0.135
298,41,21660,0.0738079686479426,0.10380552392873026,162.1,22.4,139.7,146.7,21.8,124.9,164.4,22.8,141.6,-0.09500308451573103,-0.02678571428571419,-0.10594130279169633
299,41,24420,0.10799999999999997,0.12241037650873719,27.2,4.2,23.0,26.5,4.1,22.4,27.7,4.3,23.4,-0.02573529411764708,-0.023809523809523947,-0.026086956521739202
300,41,32780,0.09234507897934396,0.12356507513163507,87.8,12.9,74.9,83.9,12.6,71.3,89.9,13.3,76.6,-0.04441913439635525,-0.023255813953488413,-0.04806408544726315
301,41,38900,0.09975821617265143,0.09738607754792762,1210.9,202.1,1008.8,1101.0,193.1,907.9,1228.1,206.6,1021.5,-0.09075893963167903,-0.044532409698169184,-0.10001982553528943
302,41,41420,0.10529674537332483,0.08918314678628687,170.3,24.6,145.7,161.1,25.1,136.0,173.2,26.1,147.0,-0.05402231356429843,0.020325203252032464,-0.06657515442690454
303,42,10900,0.06309324399776668,0.09665799414686116,374.8,52.2,322.6,336.6,50.2,286.4,380.8,53.4,327.3,-0.10192102454642471,-0.03831417624521072,-0.11221326720396785
304,42,11020,0.003273322422258523,0.0883002207505519,59.9,9.8,50.1,56.4,9.7,46.7,61.3,10.2,51.1,-0.058430717863105164,-0.010204081632653184,-0.06786427145708585
305,42,14100,0.023923444976076555,0.08069302733105334,42.7,6.4,36.3,39.6,6.3,33.3,42.8,6.5,36.3,-0.07259953161592514,-0.01562500000000011,-0.08264462809917361
306,42,16540,0.03333333333333333,0.08543489449305199,61.8,11.4,50.4,56.3,11.0,45.3,62.0,11.7,50.3,-0.0889967637540453,-0.03508771929824561,-0.10119047619047628
307,42,20700,0.060390763765541845,0.194522545038009,58.9,6.7,52.2,49.2,6.6,42.6,59.7,6.9,52.7,-0.16468590831918495,-0.014925373134328401,-0.1839080459770115
308,42,21500,-0.017638036809816036,0.10692073574169643,126.8,23.6,103.2,111.5,22.5,89.0,128.1,24.0,104.0,-0.12066246056782337,-0.04661016949152552,-0.13759689922480622
309,42,23900,0.029239766081871343,0.1310571923743501,35.3,9.3,26.0,30.7,8.8,21.9,35.2,9.4,25.8,-0.13031161473087816,-0.053763440860215006,-0.1576923076923078
310,42,25420,0.053592814371257416,0.08884628571028752,345.4,33.1,312.3,318.2,33.0,285.2,351.9,34.1,317.9,-0.07874927620150551,-0.0030211480362538623,-0.08677553634325974
311,42,27780,-0.04929577464788728,0.07918251791559765,53.8,6.6,47.2,48.1,5.8,42.3,54.0,6.8,47.1,-0.10594795539033453,-0.12121212121212122,-0.10381355932203407
312,42,29540,0.06957595718402637,0.0929990845983676,255.2,54.6,200.6,231.1,52.9,178.2,259.8,55.6,204.2,-0.09443573667711602,-0.031135531135531136,-0.11166500498504495
313,42,30140,0.05893909626719057,,53.3,11.3,42.0,48.8,11.1,37.7,53.9,11.5,42.4,-0.08442776735459667,-0.017699115044247926,-0.10238095238095235
314,42,33874,0.05736750145602786,0.08016118358429503,1067.6,142.3,925.3,968.3,140.3,828.0,1089.3,146.9,942.4,-0.09301236418134129,-0.014054813773717534,-0.10515508483735003
315,42,37964,0.07298951048951044,0.09326387326333932,971.9,57.8,914.1,852.8,52.4,800.4,982.0,58.5,923.5,-0.1225434715505711,-0.09342560553633217,-0.124384640630128
316,42,38300,0.027117768595041326,0.09687894938717335,1174.9,153.9,1021.0,1069.9,146.4,923.5,1193.1,161.7,1031.3,-0.08936930802621501,-0.04873294346978563,-0.0954946131243879
317,42,39740,0.035897435897435964,0.08059361195366734,180.4,39.4,141.0,160.0,37.0,123.0,181.8,40.1,141.6,-0.11308203991130827,-0.060913705583756306,-0.12765957446808507
318,42,42540,0.016608729239088498,0.0857095368249981,259.0,38.3,220.7,235.3,37.0,198.3,263.2,39.1,224.1,-0.09150579150579141,-0.03394255874673624,-0.10149524241051189
319,42,44300,0.05256241787122208,0.08747837370242212,80.3,7.3,73.0,67.9,7.6,60.3,80.1,7.8,72.3,-0.15442092154420917,0.041095890410958846,-0.17397260273972603
320,42,48700,-0.03963963963963969,0.08188200351019308,52.9,10.8,42.1,48.7,10.4,38.3,53.3,11.1,42.2,-0.07939508506616244,-0.03703703703703709,-0.09026128266033262
321,42,49620,0.04092920353982288,0.08491755135985028,185.4,42.7,142.7,170.7,42.1,128.6,188.2,44.1,144.1,-0.07928802588996775,-0.014051522248243575,-0.0988086895585143
322,44,77200,0.034851621808143426,0.11143554601575971,588.7,73.0,515.7,524.8,71.3,453.5,599.8,76.0,523.9,-0.1085442500424666,-0.023287671232876783,-0.12061275935621496
323,45,16700,0.12552301255230125,0.12993758471243785,370.1,51.6,318.5,345.3,48.8,296.5,376.6,51.9,324.8,-0.06700891650905161,-0.054263565891472965,-0.06907378335949765
324,45,17900,0.04507772020725383,0.09573173493575714,399.0,47.8,351.2,378.5,47.7,330.8,403.4,49.0,354.4,-0.05137844611528819,-0.0020920502092048876,-0.05808656036446458
325,45,22500,0.07308584686774938,,91.7,13.7,78.0,86.2,13.5,72.7,92.5,14.1,78.4,-0.05997818974918212,-0.014598540145985384,-0.06794871794871793
326,45,24860,0.07916355489171026,0.10302233151288137,429.8,76.8,353.0,397.2,73.1,324.1,433.5,77.0,356.5,-0.0758492322010238,-0.04817708333333337,-0.08186968838526909
327,45,25940,0.12717536813922356,,81.4,6.7,74.7,79.8,6.6,73.2,84.2,6.7,77.5,-0.019656019656019708,-0.014925373134328401,-0.02008032128514059
328,45,34820,0.12813908564069526,0.24870447675255503,165.6,15.3,150.3,165.2,15.1,150.1,175.2,15.5,159.7,-0.0024154589371980784,-0.013071895424836666,-0.0013306719893547703
329,45,43900,0.16221910112359547,0.08666001841055544,163.3,43.9,119.4,157.3,43.2,114.1,165.5,45.0,120.5,-0.03674219228413966,-0.015945330296127436,-0.044388609715242944
330,45,44940,0.025839793281653745,,39.7,9.8,29.9,36.8,9.2,27.6,39.7,9.8,29.8,-0.07304785894206567,-0.061224489795918546,-0.07692307692307687
331,46,39660,0.03598200899550212,0.1463247683235047,65.7,7.3,58.4,66.8,8.2,58.6,69.1,7.9,61.2,0.016742770167427645,0.12328767123287654,0.0034246575342467
332,46,43620,0.06449468085106375,0.09535358790540384,156.4,22.4,134.0,154.5,24.0,130.5,160.1,23.7,136.4,-0.012148337595907943,0.0714285714285714,-0.026119402985074647
333,47,16860,0.08916938110749188,0.10824124185760119,265.3,45.1,220.2,251.2,43.7,207.5,267.5,45.6,221.9,-0.05314738032416144,-0.03104212860310418,-0.057674841053587556
334,47,17300,0.056625141562853906,0.1247997268405432,92.2,15.9,76.3,88.8,14.8,74.0,93.3,15.9,77.4,-0.03687635574837311,-0.0691823899371069,-0.03014416775884665
335,47,17420,0.023206751054852353,0.10308841843088423,46.9,11.2,35.7,48.8,10.4,38.4,48.5,11.1,37.4,0.04051172707889128,-0.07142857142857129,0.07563025210084029
336,47,27180,0.04977375565610856,0.08990767939571968,68.7,13.8,54.9,66.1,13.7,52.4,69.6,14.2,55.4,-0.03784570596797687,-0.007246376811594346,-0.04553734061930781
337,47,27740,0.036895674300254526,0.11500916556133473,81.9,10.5,71.4,75.6,10.1,65.5,81.5,10.7,70.8,-0.0769230769230771,-0.03809523809523818,-0.08263305322128855
338,47,28700,-0.0008271298593879944,0.10492951458814893,120.3,27.3,93.0,112.7,24.4,88.3,120.8,27.1,93.6,-0.0631753948462177,-0.1062271062271063,-0.05053763440860215
339,47,28940,0.052440290758047736,0.1047521978088057,401.4,58.8,342.6,386.6,59.3,327.3,405.4,60.1,345.4,-0.03687095166915788,0.008503401360544283,-0.04465849387040288
340,47,32820,0.04212366873311079,0.1016926143844329,650.7,67.9,582.8,608.2,66.7,541.5,655.6,68.9,586.7,-0.06531427693253422,-0.0176730486008837,-0.07086479066575146
341,47,34100,0.05592841163310962,0.08893608204703196,46.9,14.0,32.9,45.2,13.6,31.6,47.2,14.2,32.9,-0.036247334754797356,-0.02857142857142858,-0.03951367781155002
342,47,34980,0.14285714285714293,0.10927569234847251,1031.6,131.9,899.7,966.5,125.6,840.9,1046.4,133.9,912.6,-0.06310585498255128,-0.047763457164518686,-0.06535511837279095
343,48,10180,0.06158357771261001,0.11129718552948607,71.2,8.2,63.0,68.8,7.7,61.1,72.4,8.5,63.9,-0.03370786516853941,-0.060975609756097504,-0.030158730158730163
344,48,11100,0.019279128248113973,0.11139785800073451,120.8,21.2,99.6,117.3,21.9,95.4,121.6,21.5,100.1,-0.028973509933774788,0.03301886792452824,-0.04216867469879504
345,48,12420,0.16059379217273959,0.11574626941697296,1099.7,128.4,971.3,1059.8,131.6,928.2,1118.0,131.2,986.7,-0.036282622533418296,0.024922118380062308,-0.04437352002470907
346,48,13140,-0.006622516556291357,0.09650648292865475,164.9,43.8,121.1,149.2,36.2,113.0,165.0,43.1,121.9,-0.09520921770770174,-0.1735159817351597,-0.06688687035507845
347,48,15180,0.044011544011543974,0.1088337912319439,142.9,8.7,134.2,139.8,9.3,130.5,144.7,9.1,135.6,-0.021693491952414212,0.06896551724137945,-0.027570789865871803
348,48,17780,0.09838998211091235,0.13017607030606324,123.9,13.4,110.5,111.7,12.7,99.0,122.8,13.4,109.4,-0.09846650524616629,-0.052238805970149294,-0.10407239819004521
349,48,18580,-0.0005154639175257439,0.1320929244192224,192.4,32.6,159.8,180.0,26.8,153.2,193.9,32.8,161.0,-0.06444906444906451,-0.17791411042944782,-0.041301627033792365
350,48,19124,0.11971947879492073,0.09705734471527286,2650.8,330.0,2320.8,2548.4,325.0,2223.4,2698.3,336.1,2362.1,-0.038629847593179445,-0.015151515151515138,-0.04196828679765596
351,48,21340,0.07761194029850739,0.1117424818317268,322.6,34.1,288.5,305.4,33.8,271.6,324.9,34.5,290.4,-0.05331680099194058,-0.008797653958944385,-0.058578856152512904
352,48,23104,0.098340874811463,0.11071690796542838,1076.7,178.5,898.2,1031.1,171.9,859.2,1092.3,178.9,913.4,-0.04235162998049613,-0.036974789915966366,-0.04342017368069473
353,48,26420,0.05572445127451298,0.10226794057015323,3133.5,549.6,2583.9,2942.9,498.5,2444.4,3160.1,552.1,2608.0,-0.06082655177916063,-0.09297671033478894,-0.05398815743643326
354,48,28660,0.056809905316824345,0.10588255016680352,143.9,14.2,129.7,139.7,14.6,125.1,145.1,14.6,130.6,-0.02918693537178607,0.028169014084507005,-0.03546646106399376
355,48,29700,0.06930693069306931,0.10597118155619598,106.9,4.9,102.0,98.7,3.7,95.0,108.0,4.8,103.2,-0.0767072029934518,-0.24489795918367352,-0.06862745098039214
356,48,30980,-0.0010010010010010862,0.09105215274533429,99.0,25.1,73.9,90.3,20.5,69.8,99.8,25.5,74.3,-0.08787878787878789,-0.1832669322709164,-0.05548037889039248
357,48,31180,0.06351446718419196,0.1294709222508346,149.6,13.4,136.2,143.2,13.6,129.6,150.7,13.6,137.1,-0.042780748663101664,0.014925373134328401,-0.048458149779735615
358,48,32580,0.09149536477226931,0.09454014304422284,268.9,15.4,253.5,260.4,14.2,246.2,270.8,15.4,255.5,-0.03161026403867606,-0.07792207792207795,-0.028796844181459558
359,48,33260,0.2291891891891892,0.09873985013131584,112.6,43.9,68.7,91.8,29.6,62.2,113.7,43.8,69.9,-0.18472468916518647,-0.3257403189066058,-0.09461426491994174
360,48,36220,0.11375661375661388,0.11009796652416032,84.3,28.2,56.1,68.8,18.5,50.3,84.2,27.6,56.6,-0.1838671411625148,-0.34397163120567376,-0.10338680926916233
361,48,41660,0.01214574898785428,0.12063060218135885,50.2,7.4,42.8,46.9,6.4,40.5,50.0,7.3,42.7,-0.06573705179282874,-0.1351351351351351,-0.053738317757009324
362,48,41700,0.09124974680980355,0.1235722168060143,1063.8,116.2,947.6,1008.4,112.2,896.2,1077.5,118.3,959.3,-0.052077458168828694,-0.03442340791738385,-0.05424229632756439
363,48,43300,0.07252747252747246,0.11085310449268054,48.3,9.0,39.3,46.7,8.1,38.6,48.8,8.7,40.1,-0.03312629399585909,-0.10000000000000009,-0.01781170483460548
364,48,45500,0.008319467554076539,0.11304208865184469,60.1,8.3,51.8,56.2,7.9,48.3,60.6,8.4,52.2,-0.06489184692179695,-0.048192771084337394,-0.06756756756756754
365,48,46340,0.05577299412915854,0.10595726360154996,106.3,13.0,93.3,104.0,13.2,90.8,107.9,13.3,94.5,-0.021636876763875823,0.01538461538461533,-0.026795284030010746
366,48,47020,-0.06561085972850692,0.10663266784503495,41.6,6.6,35.0,37.6,5.4,32.2,41.3,6.4,34.9,-0.09615384615384615,-0.18181818181818177,-0.07999999999999996
367,48,47380,0.06147186147186142,0.09922915345592898,121.7,23.2,98.5,119.8,23.5,96.3,122.6,23.5,99.2,-0.01561216105176666,0.012931034482758674,-0.022335025380710638
368,48,48660,0.02233676975945012,0.11029726807173608,59.3,8.3,51.0,56.4,7.5,48.9,59.5,8.3,51.2,-0.04890387858347389,-0.09638554216867479,-0.04117647058823537
369,49,30860,0.1111111111111111,0.08088965253913709,64.4,15.0,49.4,63.2,16.2,47.0,65.0,15.5,49.5,-0.018633540372670843,0.07999999999999985,-0.04858299595141702
370,49,36260,0.11745106205747613,0.09276593779583922,263.0,54.4,208.6,263.3,56.1,207.2,268.3,55.8,212.4,0.0011406844106465197,0.03125,-0.006711409395973145
371,49,39340,0.2000000000000001,0.08142258123325902,268.4,44.3,224.1,263.1,46.7,216.4,270.6,46.0,224.6,-0.01974664679582694,0.05417607223476306,-0.03435966086568487
372,49,41100,0.22782608695652165,0.14014858520264067,69.4,11.3,58.1,68.6,13.0,55.6,70.6,11.6,59.0,-0.011527377521614035,0.1504424778761062,-0.04302925989672979
373,49,41620,0.1142687981053877,0.08248511666520873,738.8,102.1,636.7,718.7,108.1,610.6,752.8,106.0,646.8,-0.027206280454791454,0.05876591576885404,-0.04099261818752953
374,50,72400,0.016881028938906705,0.09731533912775052,126.3,18.3,108.0,110.4,17.9,92.5,126.5,18.8,107.7,-0.12589073634204273,-0.021857923497267895,-0.1435185185185185
375,51,13980,0.018158236057068816,,79.6,15.1,64.5,68.7,13.4,55.3,78.5,15.1,63.4,-0.13693467336683407,-0.11258278145695355,-0.14263565891472874
376,51,16820,0.08370436331255571,0.11244252903119627,119.6,9.6,110.0,107.3,9.6,97.7,121.7,9.9,111.8,-0.10284280936454848,0.0,-0.11181818181818182
377,51,25500,0.07395993836671798,,70.1,14.8,55.3,62.1,14.7,47.4,69.7,15.1,54.7,-0.11412268188302421,-0.006756756756756799,-0.1428571428571428
378,51,31340,0.01729106628242086,0.09803853976352168,105.5,20.5,85.0,97.3,20.1,77.2,105.9,20.7,85.2,-0.07772511848341235,-0.019512195121951126,-0.09176470588235286
379,51,40060,0.056597969855429024,0.09484940136370959,679.0,70.9,608.1,630.7,70.0,560.7,687.0,72.1,614.9,-0.07113402061855667,-0.012693935119887256,-0.07794770596941292
380,51,40220,0.01496259351620951,0.09104162327809344,161.4,23.8,137.6,149.2,23.6,125.6,162.8,24.5,138.2,-0.07558859975216858,-0.008403361344537785,-0.08720930232558144
381,51,44420,0.04251012145748991,,51.1,10.6,40.5,48.2,10.9,37.3,51.5,10.8,40.8,-0.05675146771037176,0.028301886792452935,-0.07901234567901239
382,51,47260,0.03990089972617033,0.11509232094518997,785.5,96.5,689.0,733.5,95.1,638.4,797.5,97.5,700.0,-0.06619987269255256,-0.014507772020725396,-0.07343976777939043
383,51,49020,0.08032786885245911,,65.0,10.4,54.6,62.9,10.3,52.6,65.9,10.5,55.4,-0.03230769230769237,-0.009615384615384581,-0.03663003663003661
384,53,13380,0.08484162895927601,0.10796102415258631,94.4,18.4,76.0,86.7,17.0,69.7,95.9,18.8,77.1,-0.08156779661016955,-0.07608695652173902,-0.08289473684210524
385,53,14740,0.08418657565415234,0.0996225133557126,93.1,7.7,85.4,89.4,7.8,81.6,95.3,8.1,87.2,-0.039742212674543365,0.01298701298701288,-0.0444964871194381
386,53,28420,0.10861423220973791,0.09691216906690826,113.1,16.7,96.4,110.9,18.6,92.3,118.4,18.7,99.7,-0.01945181255526074,0.11377245508982048,-0.04253112033195028
387,53,31020,0.05943152454780354,0.0888456355741878,40.5,10.0,30.5,39.2,10.2,29.0,41.0,10.2,30.7,-0.032098765432098664,0.020000000000000018,-0.049180327868852514
388,53,34580,0.08453608247422684,0.09816474605207,51.3,11.1,40.2,47.5,10.3,37.2,52.6,11.4,41.2,-0.07407407407407407,-0.072072072072072,-0.07462686567164178
389,53,36500,0.11944444444444449,0.08880205379880607,118.6,9.5,109.1,112.6,9.8,102.8,120.9,10.0,110.9,-0.050590219224283306,0.03157894736842115,-0.057745187901008244
390,53,42644,0.10758698655947742,0.09291371871936491,1720.5,263.3,1457.2,1619.5,252.9,1366.6,1763.5,271.0,1492.5,-0.0587038651554781,-0.039498670717812434,-0.0621740323908867
391,53,44060,0.09184109354976507,0.09019600229106196,250.3,31.2,219.1,239.6,32.4,207.2,255.6,33.2,222.4,-0.042748701558130264,0.03846153846153855,-0.054313099041533586
392,53,45104,0.10425101214574911,0.09838407931385292,319.0,41.0,278.0,303.2,41.4,261.8,327.3,43.2,284.1,-0.04952978056426338,0.009756097560975618,-0.058273381294963955
393,53,47460,0.052044609665427594,0.08725898570017603,28.0,4.9,23.1,26.8,5.1,21.7,28.3,5.3,23.0,-0.042857142857142816,0.04081632653061207,-0.06060606060606066
394,53,48300,0.07925407925407922,0.14145650780081218,44.3,5.0,39.3,42.6,5.3,37.3,46.3,5.5,40.8,-0.038374717832956984,0.06000000000000005,-0.05089058524173029
395,53,49420,0.06609547123623,0.08919817433932493,84.8,12.2,72.6,81.1,12.2,68.9,87.1,12.9,74.2,-0.04363207547169812,0.0,-0.050964187327823485
396,54,13220,-0.008888888888888858,,44.0,5.1,38.9,41.1,4.4,36.7,44.6,5.2,39.4,-0.06590909090909092,-0.13725490196078416,-0.05655526992287907
397,54,16620,-0.05867126833477145,0.08800294751899093,108.1,10.1,98.0,101.6,8.7,92.9,109.1,10.3,98.8,-0.0601295097132285,-0.13861386138613863,-0.05204081632653057
398,54,26580,-0.007374631268436578,0.10337844468432468,133.1,18.4,114.7,125.5,17.5,108.0,134.6,18.8,115.7,-0.05709992486851989,-0.048913043478260754,-0.058413251961639046
399,54,34060,0.028985507246376812,0.10235072065888814,70.6,7.7,62.9,64.6,6.8,57.8,71.0,7.8,63.2,-0.08498583569405105,-0.11688311688311692,-0.08108108108108114
400,54,37620,-0.03990024937655864,,37.9,4.4,33.5,35.5,4.1,31.4,38.5,4.6,33.8,-0.0633245382585752,-0.06818181818181834,-0.0626865671641792
401,54,48540,-0.01057401812688826,,64.5,9.8,54.7,58.3,9.2,49.1,65.5,11.2,54.3,-0.09612403100775202,-0.061224489795918546,-0.10237659963436929
402,55,11540,0.03493095044679132,0.09240532945921669,125.0,32.9,92.1,121.0,33.5,87.5,127.4,33.7,93.7,-0.03200000000000003,0.01823708206686936,-0.04994571118349611
403,55,20740,0.028169014084506942,0.09652076318742989,86.3,14.2,72.1,80.5,14.5,66.0,87.6,14.7,72.9,-0.06720741599072999,0.021126760563380254,-0.0846047156726768
404,55,22540,0.022964509394572057,0.08529755830450257,48.4,14.4,34.0,45.0,13.7,31.3,49.0,14.7,34.4,-0.07024793388429751,-0.04861111111111116,-0.07941176470588229
405,55,24580,0.038594470046083046,0.08904114216987949,177.3,38.1,139.2,167.6,39.0,128.6,180.3,39.2,141.0,-0.054709531866892314,0.023622047244094446,-0.07614942528735624
406,55,27500,0.057057057057057235,0.09811630670301248,68.7,13.7,55.0,65.6,13.8,51.8,70.4,14.2,56.2,-0.04512372634643391,0.007299270072992803,-0.05818181818181822
407,55,29100,0.0155038759689921,0.09979254706108338,78.1,11.1,67.0,71.4,11.2,60.2,78.6,11.6,67.0,-0.085787451984635,0.009009009009008917,-0.10149253731343277
408,55,31540,0.05495910020449898,0.08783040138972344,406.6,52.7,353.9,376.9,53.7,323.2,412.7,54.8,357.9,-0.07304476143630112,0.018975332068311257,-0.08674766883300367
409,55,33340,0.021835590845399398,0.08806563421521314,862.8,149.8,713.0,801.6,146.0,655.6,875.1,153.7,721.4,-0.07093184979137679,-0.025367156208277786,-0.08050490883590455
410,55,36780,0.023231256599788835,0.07348088231645292,96.1,27.4,68.7,91.2,27.2,64.0,96.9,27.9,69.0,-0.05098855359001031,-0.007299270072992692,-0.06841339155749637
411,55,39540,0.022077922077922117,0.09731216865793905,77.4,20.7,56.7,73.5,20.0,53.5,78.7,20.8,57.8,-0.050387596899224896,-0.033816425120772875,-0.0564373897707231
412,55,43100,0.04269293924466341,0.08351601861466863,62.2,24.9,37.3,59.7,22.6,37.1,63.5,25.0,38.5,-0.04019292604501612,-0.09236947791164651,-0.005361930294906059
413,55,48140,0.01941747572815542,0.07895518447627221,72.3,20.7,51.6,69.5,20.9,48.6,73.5,21.3,52.1,-0.0387275242047026,0.009661835748792313,-0.05813953488372092
414,56,16220,-0.06382978723404245,0.11643940087245659,38.9,7.3,31.6,35.8,5.8,30.0,39.6,7.5,32.1,-0.07969151670951158,-0.20547945205479456,-0.05063291139240511
415,56,16940,0.01059322033898305,0.10179534126741939,47.0,5.2,41.8,45.8,5.1,40.7,47.7,5.5,42.2,-0.025531914893617058,-0.019230769230769384,-0.02631578947368407
