RegionName,Date,Date,StringencyIndex,GovernmentResponseIndex,ContainmentHealthIndex,EconomicSupportIndex
Alabama,1,2020,0.0,1.9493548387096777,2.1112903225806456,0.8064516129032258
Alabama,1,2021,44.77548387096772,49.242903225806465,50.918387096774204,37.5
Alabama,2,2020,0.0,5.209999999999999,5.949999999999998,0.0
Alabama,2,2021,46.299999999999976,49.38000000000003,51.07,37.5
Alabama,3,2020,38.574193548387086,33.89612903225807,36.664838709677426,14.516129032258064
Alabama,3,2021,45.4032258064516,50.55129032258063,50.80032258064519,48.79032258064516
Alabama,4,2020,78.87366666666671,70.2493333333333,71.35566666666666,62.5
Alabama,4,2021,39.19600000000002,45.854333333333315,48.23833333333334,50.0
Alabama,5,2020,66.78419354838711,65.9535483870968,66.44516129032259,62.5
Alabama,5,2021,37.960000000000015,44.70612903225804,47.5209677419355,
Alabama,6,2020,52.005,59.44566666666664,59.01099999999999,62.5
Alabama,6,2021,34.26,40.73066666666667,43.450000000000024,37.5
Alabama,7,2020,50.0,58.896774193548445,58.49935483870969,61.693548387096776
Alabama,7,2021,34.26,42.70999999999999,43.449999999999996,37.5
Alabama,8,2020,48.209032258064504,55.243548387096794,57.77774193548386,37.5
Alabama,9,2020,43.95166666666666,52.84499999999998,55.03766666666666,37.5
Alabama,10,2020,43.51999999999999,49.681290322580665,51.420322580645156,37.5
Alabama,11,2020,43.51999999999999,47.40000000000001,48.80999999999997,37.5
Alabama,12,2020,43.51999999999999,48.438064516129046,50.05548387096776,37.096774193548384
Alaska,1,2020,4.304516129032259,4.365161290322581,4.8751612903225805,0.8064516129032258
Alaska,1,2021,60.018387096774156,57.26258064516131,60.08709677419354,37.5
Alaska,2,2020,9.96172413793104,10.812413793103449,12.35931034482759,0.0
Alaska,2,2021,57.869999999999955,57.993571428571464,60.91928571428573,37.5
Alaska,3,2020,47.75967741935485,40.47483870967741,41.877096774193554,30.64516129032258
Alaska,3,2021,50.406451612903254,55.95903225806453,58.596129032258055,37.5
Alaska,4,2020,86.69733333333333,75.13566666666662,73.37533333333333,87.5
Alaska,4,2021,46.76333333333337,54.68833333333334,57.14500000000001,37.5
Alaska,5,2020,69.35548387096773,66.09193548387093,63.03741935483872,87.5
Alaska,5,2021,42.130000000000024,52.079999999999984,54.17000000000002,37.5
Alaska,6,2020,55.0006666666667,58.17599999999997,53.98733333333333,87.5
Alaska,6,2021,42.13000000000002,52.07999999999999,54.17000000000002,37.5
Alaska,7,2020,57.080322580645145,58.50967741935482,54.48354838709677,86.69354838709677
Alaska,7,2021,42.13,52.080000000000005,54.169999999999995,37.5
Alaska,8,2020,59.48129032258066,58.51774193548386,57.9461290322581,62.5
Alaska,9,2020,56.01999999999999,59.90000000000003,59.51999999999999,62.5
Alaska,10,2020,56.01999999999999,59.19322580645162,58.71387096774194,62.5
Alaska,11,2020,56.01999999999999,55.10600000000002,55.95000000000003,49.166666666666664
Alaska,12,2020,65.27999999999999,60.099999999999966,63.32999999999999,37.5
Arizona,1,2020,1.0761290322580646,2.553548387096774,2.802258064516128,0.8064516129032258
Arizona,1,2021,60.63258064516125,60.816451612903265,63.68032258064521,40.725806451612904
Arizona,2,2020,5.560000000000001,8.330000000000005,9.520000000000001,0.0
Arizona,2,2021,61.109999999999964,62.273928571428605,65.8032142857143,37.5
Arizona,3,2020,34.764838709677434,28.798387096774185,29.914516129032275,20.967741935483872
Arizona,3,2021,51.80612903225805,56.9009677419355,59.666774193548406,37.5
Arizona,4,2020,66.2953333333333,55.32899999999999,54.30333333333336,62.5
Arizona,4,2021,35.72600000000001,51.17833333333332,53.12933333333331,37.5
Arizona,5,2020,63.591290322580704,56.13225806451608,55.22064516129034,62.5
Arizona,5,2021,33.33000000000001,49.605806451612914,51.33354838709676,37.5
Arizona,6,2020,54.876666666666694,53.678666666666686,52.42066666666665,62.5
Arizona,6,2021,33.33000000000001,47.9706896551724,49.46827586206892,37.5
Arizona,7,2020,58.32999999999998,58.43903225806447,57.862258064516176,62.5
Arizona,7,2021,31.63416666666667,45.39666666666667,46.52916666666667,37.5
Arizona,8,2020,63.917096774193546,62.2587096774194,62.22387096774193,62.5
Arizona,9,2020,59.26,59.640000000000036,59.23000000000001,62.5
Arizona,10,2020,53.70000000000003,56.51,55.65000000000003,62.5
Arizona,11,2020,54.44133333333336,57.13399999999998,57.80033333333331,62.5
Arizona,12,2020,56.69193548387099,60.275483870967754,59.9593548387097,62.5
Arkansas,1,2020,0.0,1.9493548387096777,2.1112903225806456,0.8064516129032258
Arkansas,1,2021,59.170322580645156,64.40419354838708,66.46483870967744,50.0
Arkansas,2,2020,0.0,5.209999999999999,5.949999999999998,0.0
Arkansas,2,2021,57.14428571428573,65.58035714285714,67.80892857142857,50.0
Arkansas,3,2020,36.66354838709677,32.436451612903234,33.90032258064517,22.177419354838708
Arkansas,3,2021,44.44000000000003,56.2764516129032,57.290967741935475,49.193548387096776
Arkansas,4,2020,69.19333333333337,60.297333333333334,59.97666666666669,62.5
Arkansas,4,2021,40.86333333333334,53.71933333333335,56.02933333333336,37.5
Arkansas,5,2020,68.63516129032261,62.667419354838685,62.693548387096754,62.5
Arkansas,5,2021,40.74,53.65000000000003,55.95000000000003,37.5
Arkansas,6,2020,66.48000000000006,63.56599999999998,63.72066666666671,62.5
Arkansas,6,2021,40.74,53.65000000000002,55.95000000000003,37.5
Arkansas,7,2020,63.89000000000004,61.4009677419355,61.3545161290323,61.693548387096776
Arkansas,7,2021,40.74,53.64999999999999,55.95,37.5
Arkansas,8,2020,62.1567741935484,56.46806451612904,62.400967741935496,14.919354838709678
Arkansas,9,2020,56.60333333333334,57.87933333333329,60.78933333333336,37.5
Arkansas,10,2020,57.55419354838711,60.16677419354844,63.40548387096769,37.5
Arkansas,11,2020,56.480000000000054,57.169333333333356,60.869333333333316,31.25
Arkansas,12,2020,55.40580645161291,57.038064516129054,61.033870967741954,29.032258064516128
California,1,2020,1.345161290322581,2.7045161290322577,2.97741935483871,0.8064516129032258
California,1,2021,65.90161290322581,69.32645161290324,66.7283870967742,87.5
California,2,2020,8.138620689655177,9.792068965517242,11.18689655172414,0.0
California,2,2021,64.34999999999997,68.91000000000003,66.25,87.5
California,3,2020,53.496451612903236,47.58064516129032,44.75709677419352,67.33870967741936
California,3,2021,59.30225806451614,66.58258064516127,63.593548387096796,87.5
California,4,2020,82.41,73.15233333333332,71.10466666666667,87.5
California,4,2021,59.35033333333332,68.67566666666666,65.98733333333331,87.5
California,5,2020,70.9364516129032,69.29741935483872,66.6935483870968,87.5
California,5,2021,56.55709677419356,67.21290322580646,65.52548387096773,87.5
California,6,2020,67.58999999999997,69.86799999999997,67.34999999999997,87.5
California,6,2021,47.99399999999998,59.37466666666666,60.71233333333338,
California,7,2020,67.58999999999997,70.30999999999996,67.85999999999996,87.5
California,7,2021,42.59000000000001,56.25,57.13999999999999,
California,8,2020,65.91870967741934,69.77322580645158,67.24483870967741,87.5
California,9,2020,64.34999999999997,69.11399999999999,66.48400000000002,87.5
California,10,2020,61.92999999999999,68.90935483870967,66.25290322580643,87.5
California,11,2020,59.509333333333345,66.80866666666668,63.84633333333331,87.5
California,12,2020,63.60870967741938,70.48161290322581,68.05322580645164,87.5
Colorado,1,2020,0.0,1.9493548387096777,2.1112903225806456,0.8064516129032258
Colorado,1,2021,58.9777419354839,59.17870967741933,58.706451612903216,62.5
Colorado,2,2020,0.5751724137931035,5.532758620689655,6.319310344827587,0.0
Colorado,2,2021,56.18535714285713,58.06285714285716,57.426428571428566,62.5
Colorado,3,2020,43.84741935483873,39.64903225806452,38.74645161290322,45.96774193548387
Colorado,3,2021,56.01999999999999,58.5741935483871,58.011612903225796,62.5
Colorado,4,2020,82.03933333333336,69.99799999999998,67.50199999999997,87.5
Colorado,4,2021,49.07500000000003,58.39733333333336,57.806666666666665,62.5
Colorado,5,2020,76.19483870967741,68.21322580645162,65.45806451612899,87.5
Colorado,5,2021,42.130000000000024,51.17548387096773,52.66806451612907,40.725806451612904
Colorado,6,2020,66.75700000000003,64.37766666666667,61.074,87.5
Colorado,6,2021,42.13000000000002,50.51999999999999,52.38000000000004,37.5
Colorado,7,2020,61.10999999999996,62.40774193548386,58.93580645161293,86.69354838709677
Colorado,7,2021,40.74,49.74,51.49,37.5
Colorado,8,2020,61.10999999999996,61.98000000000001,61.900000000000034,62.5
Colorado,9,2020,58.39533333333333,58.507999999999974,57.934666666666665,62.5
Colorado,10,2020,56.10967741935483,58.137741935483845,57.51999999999998,62.5
Colorado,11,2020,57.41000000000002,59.380000000000045,58.930000000000014,62.5
Colorado,12,2020,57.410000000000025,60.181290322580615,59.85258064516125,62.5
Connecticut,1,2020,0.896774193548387,2.4529032258064514,2.687096774193548,0.8064516129032258
Connecticut,1,2021,67.58999999999997,69.92870967741933,69.20290322580645,75.0
Connecticut,2,2020,6.325517241379313,8.76172413793104,10.01379310344828,0.0
Connecticut,2,2021,67.58999999999997,71.25,70.71000000000002,75.0
Connecticut,3,2020,49.02774193548388,39.861612903225804,42.38709677419356,22.177419354838708
Connecticut,3,2021,58.72161290322582,67.14387096774189,66.02483870967741,75.0
Connecticut,4,2020,78.7,70.19233333333335,67.72066666666669,87.5
Connecticut,4,2021,51.91166666666665,63.99066666666663,62.420999999999985,75.0
Connecticut,5,2020,77.26774193548388,75.31935483870967,73.57967741935485,87.5
Connecticut,5,2021,48.15000000000002,60.545806451612954,58.4793548387097,75.0
Connecticut,6,2020,72.96133333333333,75.41599999999998,73.69000000000001,87.5
Connecticut,6,2021,31.48000000000001,50.156,46.73000000000001,74.16666666666667
Connecticut,7,2020,66.9029032258064,71.95806451612903,69.79354838709679,87.09677419354838
Connecticut,7,2021,31.48,47.13999999999999,46.73,50.0
Connecticut,8,2020,69.29548387096774,71.79258064516128,71.3290322580645,75.0
Connecticut,9,2020,64.80999999999996,68.854,67.974,75.0
Connecticut,10,2020,64.80999999999996,67.19000000000004,66.06999999999996,75.0
Connecticut,11,2020,67.12666666666664,68.49,67.56166666666662,75.0
Connecticut,12,2020,67.58999999999997,70.20161290322581,69.51483870967743,75.0
Delaware,1,2020,0.7174193548387097,2.351935483870968,2.5719354838709676,0.8064516129032258
Delaware,1,2021,58.32999999999998,64.49935483870965,64.79064516129033,62.5
Delaware,2,2020,7.756896551724142,9.575172413793105,10.939655172413794,0.0
Delaware,2,2021,55.0264285714286,61.146785714285684,60.95821428571429,62.5
Delaware,3,2020,50.20903225806453,38.408387096774206,40.60903225806451,22.983870967741936
Delaware,3,2021,54.630000000000045,60.84774193548383,60.61516129032261,62.5
Delaware,4,2020,84.16733333333336,69.375,66.78866666666669,87.5
Delaware,4,2021,52.41000000000002,62.18699999999998,62.14266666666665,62.5
Delaware,5,2020,84.26000000000005,76.02322580645156,74.38580645161294,87.5
Delaware,5,2021,51.34419354838706,61.657741935483834,61.54354838709675,62.5
Delaware,6,2020,74.75333333333333,72.25599999999999,70.08133333333329,87.5
Delaware,6,2021,40.74,54.69000000000003,53.57,62.5
Delaware,7,2020,69.2654838709677,65.87612903225804,66.47806451612904,61.693548387096776
Delaware,7,2021,40.74,54.68999999999999,53.57000000000001,62.5
Delaware,8,2020,67.35129032258062,61.94645161290324,65.32645161290323,38.306451612903224
Delaware,9,2020,54.32266666666665,59.302333333333316,58.84666666666665,62.5
Delaware,10,2020,52.77999999999998,59.83225806451615,59.4432258064516,62.5
Delaware,11,2020,54.25999999999997,59.684666666666665,59.282000000000025,62.5
Delaware,12,2020,61.55838709677423,65.5261290322581,66.01129032258068,62.096774193548384
Florida,1,2020,0.0,1.9493548387096777,2.1112903225806456,0.8064516129032258
Florida,1,2021,47.27,51.650000000000006,51.88645161290324,50.0
Florida,2,2020,0.9586206896551723,5.747931034482758,6.565517241379313,0.0
Florida,2,2021,45.83,52.11392857142858,52.41321428571429,50.0
Florida,3,2020,48.638709677419335,38.80322580645163,41.29354838709676,21.370967741935484
Florida,3,2021,48.33838709677418,55.50612903225803,56.411612903225794,49.193548387096776
Florida,4,2020,81.63133333333336,71.07833333333338,68.85033333333334,86.66666666666667
Florida,4,2021,45.92599999999997,54.46666666666665,56.89266666666667,37.5
Florida,5,2020,76.32580645161288,69.2374193548387,66.62709677419357,87.5
Florida,5,2021,32.06666666666668,47.51800000000002,48.94999999999997,37.5
Florida,6,2020,70.77333333333335,66.10766666666662,63.05533333333333,87.5
Florida,6,2021,31.48000000000001,47.40000000000001,48.80999999999997,37.5
Florida,7,2020,73.37129032258062,68.68225806451612,66.1083870967742,86.69354838709677
Florida,7,2021,31.480000000000004,47.399999999999984,48.81,37.5
Florida,8,2020,65.00774193548384,61.82903225806454,61.73225806451609,62.5
Florida,9,2020,60.27800000000002,58.123333333333306,58.69199999999998,54.166666666666664
Florida,10,2020,39.47225806451614,42.777419354838734,45.314516129032285,25.0
Florida,11,2020,37.469,41.65266666666668,44.02533333333334,25.0
Florida,12,2020,42.98193548387099,46.54677419354839,49.04612903225809,29.032258064516128
Georgia,1,2020,0.0,1.9493548387096777,2.1112903225806456,0.8064516129032258
Georgia,1,2021,53.70000000000003,56.2477419354839,53.571935483870924,75.0
Georgia,2,2020,0.0,5.209999999999999,5.949999999999998,0.0
Georgia,2,2021,53.30357142857143,56.996785714285714,54.80499999999999,72.32142857142857
Georgia,3,2020,32.137741935483874,25.654838709677424,27.073548387096785,15.725806451612904
Georgia,3,2021,51.84999999999997,54.77645161290322,55.57193548387098,49.193548387096776
Georgia,4,2020,71.75999999999998,64.23399999999997,60.91033333333336,87.5
Georgia,4,2021,41.20100000000002,48.96233333333336,50.593666666666664,37.5
Georgia,5,2020,73.71258064516127,71.20419354838711,68.87290322580644,87.5
Georgia,5,2021,37.960000000000015,47.14000000000003,48.51,37.5
Georgia,6,2020,71.29999999999998,71.34999999999997,69.04999999999997,87.5
Georgia,6,2021,37.960000000000015,47.14000000000002,48.51,37.5
Georgia,7,2020,66.45612903225808,68.5316129032258,65.94064516129032,86.69354838709677
Georgia,7,2021,37.959999999999994,47.13999999999999,48.51,37.5
Georgia,8,2020,63.94967741935482,64.47096774193547,64.75903225806452,62.5
Georgia,9,2020,62.03999999999998,58.487999999999985,60.53899999999996,44.166666666666664
Georgia,10,2020,59.26,54.430000000000014,55.05999999999997,50.0
Georgia,11,2020,59.26,54.430000000000014,55.05999999999997,50.0
Georgia,12,2020,58.90129032258065,56.02225806451613,56.305806451612916,54.03225806451613
Hawaii,1,2020,0.5380645161290323,2.2512903225806453,2.456774193548387,0.8064516129032258
Hawaii,1,2021,78.69999999999999,74.57838709677422,76.30387096774193,62.5
Hawaii,2,2020,7.282413793103452,9.30137931034483,10.631034482758624,0.0
Hawaii,2,2021,76.9160714285714,71.91892857142855,73.26999999999997,62.5
Hawaii,3,2020,38.52967741935482,29.351612903225803,32.10516129032257,10.080645161290322
Hawaii,3,2021,73.98548387096774,72.92677419354837,74.41612903225806,62.5
Hawaii,4,2020,76.84999999999995,64.01300000000003,64.22433333333332,62.5
Hawaii,4,2021,69.68800000000005,73.11866666666668,74.63266666666668,62.5
Hawaii,5,2020,73.62741935483875,65.05193548387096,65.41741935483874,62.5
Hawaii,5,2021,69.44000000000004,74.48,76.19000000000004,62.5
Hawaii,6,2020,71.29999999999998,65.61999999999995,66.06999999999995,62.5
Hawaii,6,2021,63.703333333333354,68.12433333333335,72.501,37.5
Hawaii,7,2020,76.67580645161291,69.3077419354839,70.39096774193546,61.693548387096776
Hawaii,7,2021,51.429090909090924,61.220000000000006,64.61272727272727,37.5
Hawaii,8,2020,81.63258064516128,69.8990322580645,73.61096774193545,43.95161290322581
Hawaii,9,2020,77.83666666666663,71.05999999999999,72.28533333333331,62.5
Hawaii,10,2020,76.84999999999995,70.88451612903228,72.08354838709677,62.5
Hawaii,11,2020,74.22866666666671,70.91999999999997,72.12400000000002,62.5
Hawaii,12,2020,78.16290322580646,74.26612903225809,75.94612903225806,62.5
Idaho,1,2020,0.0,1.9493548387096777,2.1112903225806456,0.8064516129032258
Idaho,1,2021,59.40999999999999,56.398709677419376,57.31322580645164,50.0
Idaho,2,2020,0.0,5.209999999999999,5.949999999999998,0.0
Idaho,2,2021,51.29035714285714,50.56642857142857,50.6446428571429,50.0
Idaho,3,2020,37.57225806451613,29.150322580645156,31.87451612903226,10.080645161290322
Idaho,3,2021,50.0,49.510967741935474,49.55870967741935,49.193548387096776
Idaho,4,2020,87.96000000000002,70.15399999999997,71.25100000000003,62.5
Idaho,4,2021,46.423333333333304,49.08800000000001,50.74333333333332,37.5
Idaho,5,2020,67.23161290322578,55.293225806451616,54.26129032258066,62.5
Idaho,5,2021,40.65032258064519,47.57774193548384,50.226129032258086,37.5
Idaho,6,2020,53.904333333333334,49.068999999999974,47.15466666666667,62.5
Idaho,6,2021,37.960000000000015,47.65933333333338,48.21000000000002,45.089285714285715
Idaho,7,2020,56.01999999999999,49.907419354838716,49.02677419354841,56.04838709677419
Idaho,7,2021,37.959999999999994,46.88,48.209999999999994,37.5
Idaho,8,2020,56.10806451612899,44.84032258064516,49.46096774193546,12.5
Idaho,9,2020,53.85666666666671,45.660000000000004,48.016666666666666,29.166666666666668
Idaho,10,2020,51.210645161290344,44.48967741935485,47.274193548387075,25.0
Idaho,11,2020,57.177666666666646,50.655000000000015,54.317333333333366,25.0
Idaho,12,2020,61.92064516129031,55.27774193548389,59.023870967741914,29.032258064516128
Illinois,1,2020,0.7174193548387098,2.352258064516129,2.573225806451613,0.8064516129032258
Illinois,1,2021,58.484193548387125,59.40419354838705,58.96419354838709,62.5
Illinois,2,2020,4.793103448275863,7.899655172413797,9.028965517241385,0.0
Illinois,2,2021,54.92785714285718,61.58678571428569,61.45964285714283,62.5
Illinois,3,2020,46.11838709677419,36.759677419354844,37.058064516129015,34.67741935483871
Illinois,3,2021,54.18161290322582,61.92064516129031,61.840967741935465,62.5
Illinois,4,2020,82.41,65.99300000000004,62.920999999999964,87.5
Illinois,4,2021,51.35666666666667,61.79433333333332,61.69400000000003,62.5
Illinois,5,2020,81.69290322580645,69.31935483870966,66.72258064516127,87.5
Illinois,5,2021,50.0,61.03225806451617,60.81677419354838,62.5
Illinois,6,2020,70.40333333333336,63.035666666666664,59.543999999999976,87.5
Illinois,6,2021,42.965,52.60399999999998,51.186000000000014,62.5
Illinois,7,2020,57.883225806451584,56.90387096774193,53.34387096774195,81.85483870967742
Illinois,7,2021,37.959999999999994,48.96,47.01999999999999,62.5
Illinois,8,2020,56.86677419354836,51.25806451612904,53.22612903225803,37.5
Illinois,9,2020,55.08999999999999,50.26,52.07999999999999,37.5
Illinois,10,2020,54.330967741935495,52.1722580645161,54.27096774193547,37.5
Illinois,11,2020,58.13299999999995,54.72833333333332,56.7176666666667,40.833333333333336
Illinois,12,2020,61.10999999999996,59.1364516129032,58.662580645161306,62.5
Indiana,1,2020,0.0,1.9493548387096777,2.1112903225806456,0.8064516129032258
Indiana,1,2021,56.01999999999999,55.501290322580665,58.07354838709673,37.5
Indiana,2,2020,4.793103448275863,7.899655172413798,9.027586206896556,0.0
Indiana,2,2021,56.01999999999999,57.66000000000002,60.53999999999998,37.5
Indiana,3,2020,44.29419354838709,35.18032258064516,35.88677419354839,30.241935483870968
Indiana,3,2021,54.04709677419355,57.137096774193516,59.946129032258085,37.5
Indiana,4,2020,74.35433333333332,61.66800000000003,57.97433333333335,87.5
Indiana,4,2021,47.346666666666664,55.27933333333336,57.8176666666667,37.5
Indiana,5,2020,66.90580645161288,60.92322580645162,57.124193548387105,87.5
Indiana,5,2021,46.76,54.42161290322583,56.83709677419352,37.5
Indiana,6,2020,58.36766666666664,58.9403333333333,54.86233333333337,87.5
Indiana,6,2021,41.200000000000024,51.03999999999998,52.98000000000001,37.5
Indiana,7,2020,52.062903225806444,56.769999999999996,52.49709677419355,86.69354838709677
Indiana,7,2021,40.23769230769231,51.58000000000001,53.59615384615385,37.5
Indiana,8,2020,49.04516129032257,54.67064516129031,53.555806451612895,62.5
Indiana,9,2020,45.18799999999999,49.37399999999998,51.07399999999999,37.5
Indiana,10,2020,40.74,46.49258064516127,47.77935483870967,37.5
Indiana,11,2020,44.446666666666694,47.204666666666675,48.58933333333336,37.5
Indiana,12,2020,54.09193548387101,54.26967741935481,56.666451612903245,37.5
Iowa,1,2020,0.0,1.9493548387096777,2.1112903225806456,0.8064516129032258
Iowa,1,2021,45.19096774193549,49.96419354838712,48.17000000000001,62.5
Iowa,2,2020,0.0,5.209999999999999,5.949999999999998,0.0
Iowa,2,2021,41.80214285714285,49.18499999999998,47.285000000000025,62.5
Iowa,3,2020,37.81451612903224,31.099354838709683,32.028387096774196,24.596774193548388
Iowa,3,2021,41.67000000000001,46.76161290322581,47.04645161290325,44.75806451612903
Iowa,4,2020,71.51,63.68166666666668,60.27833333333336,87.5
Iowa,4,2021,38.08366666666668,47.22933333333334,48.61733333333331,37.5
Iowa,5,2020,72.22,67.60903225806453,64.88000000000005,86.69354838709677
Iowa,5,2021,37.960000000000015,47.30774193548389,48.703548387096795,37.5
Iowa,6,2020,51.35666666666667,55.97266666666668,51.47266666666665,87.5
Iowa,6,2021,37.281666666666666,46.49499999999998,47.77366666666667,37.5
Iowa,7,2020,50.0,56.24161290322579,51.77709677419355,87.5
Iowa,7,2021,36.11000000000001,45.82999999999999,47.01999999999999,37.5
Iowa,8,2020,49.01387096774193,56.39064516129029,51.947096774193554,87.5
Iowa,9,2020,45.80166666666664,52.062666666666665,47.00766666666668,87.5
Iowa,10,2020,43.75870967741934,50.91419354838708,45.69354838709676,87.5
Iowa,11,2020,49.01166666666665,53.87200000000002,49.06700000000003,87.5
Iowa,12,2020,47.81935483870968,51.36645161290327,49.31129032258067,65.7258064516129
Kansas,1,2020,0.0,1.9493548387096777,2.1112903225806456,0.8064516129032258
Kansas,1,2021,56.94000000000004,56.088387096774206,58.743870967741934,37.5
Kansas,2,2020,0.0,5.209999999999999,5.949999999999998,0.0
Kansas,2,2021,53.96499999999998,55.77500000000001,58.38571428571429,37.5
Kansas,3,2020,39.35258064516128,32.56903225806451,34.62935483870969,18.14516129032258
Kansas,3,2021,48.430645161290315,54.50193548387097,55.08580645161292,50.403225806451616
Kansas,4,2020,79.63000000000007,65.6033333333333,66.05066666666663,62.5
Kansas,4,2021,35.171666666666646,50.66900000000002,48.975333333333325,62.5
Kansas,5,2020,72.0403225806452,63.44032258064516,63.57322580645167,62.5
Kansas,5,2021,32.32032258064514,48.909677419354864,46.96258064516128,62.5
Kansas,6,2020,62.34833333333337,56.668333333333365,55.83099999999999,62.5
Kansas,6,2021,34.998666666666686,50.413999999999994,48.69133333333332,62.5
Kansas,7,2020,59.589999999999996,56.40903225806451,56.4609677419355,56.04838709677419
Kansas,7,2021,37.959999999999994,52.08,50.60000000000001,62.5
Kansas,8,2020,57.37516129032261,52.795161290322575,56.82580645161291,24.596774193548388
Kansas,9,2020,54.63000000000004,51.81999999999997,55.05999999999997,29.166666666666668
Kansas,10,2020,54.630000000000045,52.809677419354806,55.05999999999997,37.096774193548384
Kansas,11,2020,55.29266666666668,53.3936666666667,55.66466666666667,37.5
Kansas,12,2020,56.94000000000004,55.87741935483874,58.500967741935455,37.5
Kentucky,1,2020,4.125161290322582,4.264516129032257,4.76,0.8064516129032258
Kentucky,1,2021,58.929032258064495,61.084838709677385,63.58774193548387,43.54838709677419
Kentucky,2,2020,5.560000000000001,8.330000000000005,9.520000000000001,0.0
Kentucky,2,2021,58.329999999999984,60.45857142857143,63.74,37.5
Kentucky,3,2020,46.74387096774195,40.86096774193548,40.76483870967741,41.53225806451613
Kentucky,3,2021,58.32999999999998,57.47225806451617,60.32290322580646,37.5
Kentucky,4,2020,90.36999999999995,76.02366666666666,74.38566666666664,87.5
Kentucky,4,2021,38.55100000000002,48.76363636363637,48.744666666666674,
Kentucky,5,2020,82.37838709677423,75.87387096774194,74.21096774193548,87.5
Kentucky,5,2021,32.41,,38.69,
Kentucky,6,2020,76.9773333333333,74.54866666666666,72.69466666666669,87.5
Kentucky,6,2021,37.46933333333332,40.10000000000001,41.94533333333333,
Kentucky,7,2020,67.20387096774192,70.0258064516129,67.64709677419356,86.69354838709677
Kentucky,7,2021,37.04,,41.67000000000001,
Kentucky,8,2020,67.02322580645163,66.8664516129032,67.49032258064521,62.5
Kentucky,9,2020,62.96000000000002,64.112,64.88000000000005,58.75
Kentucky,10,2020,61.765483870967756,61.03870967741937,64.11129032258069,39.516129032258064
Kentucky,11,2020,57.840333333333355,57.01266666666664,61.58633333333331,25.0
Kentucky,12,2020,60.786774193548396,60.3009677419355,64.76967741935488,29.032258064516128
Louisiana,1,2020,0.0,1.9493548387096777,2.1112903225806456,0.8064516129032258
Louisiana,1,2021,61.28935483870968,56.44903225806451,59.15548387096776,37.5
Louisiana,2,2020,0.0,5.209999999999999,5.949999999999998,0.0
Louisiana,2,2021,60.05035714285717,58.42464285714287,61.41000000000003,37.5
Louisiana,3,2020,43.54806451612905,37.852580645161275,38.01709677419355,36.693548387096776
Louisiana,3,2021,57.926451612903264,58.163548387096775,61.11548387096774,37.5
Louisiana,4,2020,75.93000000000002,66.14900000000004,63.09566666666665,87.5
Louisiana,4,2021,54.26233333333335,59.58700000000002,62.73966666666664,37.5
Louisiana,5,2020,68.34096774193551,64.18677419354836,60.85903225806454,87.5
Louisiana,5,2021,53.30129032258065,57.58354838709676,60.455483870967775,37.5
Louisiana,6,2020,66.67000000000003,64.22066666666666,62.79999999999997,74.16666666666667
Louisiana,6,2021,49.73366666666663,54.488333333333344,58.16333333333333,37.5
Louisiana,7,2020,67.9209677419355,63.18741935483869,64.21129032258067,56.04838709677419
Louisiana,7,2021,45.7175,52.15249999999998,55.580000000000005,37.5
Louisiana,8,2020,66.75451612903227,57.34032258064514,63.75000000000001,12.5
Louisiana,9,2020,63.890000000000036,57.94866666666667,60.86866666666665,37.5
Louisiana,10,2020,63.89000000000004,56.76999999999999,59.51999999999999,37.5
Louisiana,11,2020,59.56866666666671,55.79933333333335,58.40933333333337,37.5
Louisiana,12,2020,55.70419354838709,53.37709677419356,55.64419354838712,37.5
Maine,1,2020,0.0,1.9493548387096777,2.1112903225806456,0.8064516129032258
Maine,1,2021,59.677741935483844,60.23064516129033,61.692580645161264,50.0
Maine,2,2020,4.408620689655173,7.685517241379314,8.78241379310345,0.0
Maine,2,2021,55.55999999999997,59.225357142857135,60.54428571428574,50.0
Maine,3,2020,46.204516129032264,36.71096774193548,37.11354838709678,33.87096774193548
Maine,3,2021,55.55999999999997,60.190967741935474,61.75935483870967,49.193548387096776
Maine,4,2020,92.93333333333332,71.91333333333337,69.684,87.5
Maine,4,2021,55.55999999999997,60.75200000000003,64.07066666666668,37.5
Maine,5,2020,89.60096774193545,72.70161290322582,70.58064516129032,87.5
Maine,5,2021,48.447096774193554,55.8964516129032,58.52290322580643,37.5
Maine,6,2020,83.32999999999997,73.44000000000004,71.43000000000004,87.5
Maine,6,2021,40.74,51.55999999999997,53.57,37.5
Maine,7,2020,83.32999999999997,74.14451612903227,72.35129032258065,86.69354838709677
Maine,7,2021,40.74,51.559999999999995,53.570000000000014,37.5
Maine,8,2020,83.09129032258063,69.33774193548386,73.65645161290318,39.11290322580645
Maine,9,2020,71.4183333333333,62.56933333333334,66.15433333333334,37.5
Maine,10,2020,66.96225806451609,60.06161290322577,63.28580645161295,37.5
Maine,11,2020,63.453333333333276,59.132666666666644,62.63833333333333,34.583333333333336
Maine,12,2020,61.10999999999996,60.22129032258068,62.60161290322582,43.54838709677419
Maryland,1,2020,0.0,1.9493548387096777,2.1112903225806456,0.8064516129032258
Maryland,1,2021,68.54451612903229,71.26096774193546,70.7316129032258,75.0
Maryland,2,2020,0.0,5.209999999999999,5.949999999999998,0.0
Maryland,2,2021,58.50214285714286,65.15428571428575,63.7467857142857,75.0
Maryland,3,2020,47.34225806451612,36.963548387096765,37.69290322580644,31.85483870967742
Maryland,3,2021,53.822903225806414,62.27612903225804,60.462903225806414,75.0
Maryland,4,2020,92.59333333333332,76.48933333333326,74.92299999999999,87.5
Maryland,4,2021,51.85,62.44260869565217,60.65043478260867,75.0
Maryland,5,2020,89.75741935483869,76.41000000000001,74.82935483870963,87.5
Maryland,5,2021,47.28193548387097,58.888064516129035,56.586129032258086,75.0
Maryland,6,2020,72.34633333333338,69.54799999999997,66.98133333333334,87.5
Maryland,6,2021,43.51999999999999,56.562,54.17000000000002,73.33333333333333
Maryland,7,2020,61.60322580645162,63.31548387096776,59.97838709677419,86.69354838709677
Maryland,7,2021,43.51999999999999,53.649999999999984,54.169999999999995,50.0
Maryland,8,2020,56.22387096774193,60.797096774193584,60.54935483870966,62.5
Maryland,9,2020,53.24,57.099333333333334,57.51933333333333,54.166666666666664
Maryland,10,2020,52.10612903225805,55.97322580645162,56.82580645161292,50.0
Maryland,11,2020,61.57533333333332,63.86233333333335,65.84100000000005,50.0
Maryland,12,2020,66.75483870967744,68.32161290322581,70.36322580645161,54.03225806451613
Massachusetts,1,2020,0.7161290322580645,2.3522580645161297,2.5719354838709676,0.8064516129032258
Massachusetts,1,2021,72.22,70.47548387096772,73.40419354838708,50.0
Massachusetts,2,2020,3.700000000000002,7.578275862068965,8.65827586206897,0.0
Massachusetts,2,2021,72.22000000000001,72.78107142857141,76.03785714285718,50.0
Massachusetts,3,2020,45.63903225806453,36.91225806451613,40.5125806451613,11.693548387096774
Massachusetts,3,2021,67.32129032258068,70.01387096774195,72.98935483870966,49.193548387096776
Massachusetts,4,2020,75.93000000000002,68.46899999999997,69.32566666666663,62.5
Massachusetts,4,2021,60.127666666666705,64.03366666666663,67.83100000000003,37.5
Massachusetts,5,2020,74.67451612903231,71.04354838709676,72.26258064516131,62.5
Massachusetts,5,2021,57.856774193548375,63.054193548387104,65.43870967741938,46.37096774193548
Massachusetts,6,2020,68.02166666666663,65.48366666666662,65.91633333333336,62.5
Massachusetts,6,2021,43.51999999999999,53.94233333333334,56.2923333333333,37.5
Massachusetts,7,2020,62.93516129032256,63.85870967741932,64.17354838709674,61.693548387096776
Massachusetts,7,2021,43.51999999999999,54.429999999999986,56.850000000000016,37.5
Massachusetts,8,2020,62.03999999999998,60.94000000000004,64.28999999999998,37.5
Massachusetts,9,2020,60.18499999999996,58.56033333333333,62.69833333333335,29.583333333333332
Massachusetts,10,2020,53.671935483871,55.42806451612907,59.77354838709676,25.0
Massachusetts,11,2020,61.01933333333331,60.23633333333336,65.26699999999997,25.0
Massachusetts,12,2020,66.84322580645163,65.59774193548388,70.82387096774195,29.032258064516128
Michigan,1,2020,1.7922580645161288,2.9574193548387098,3.2635483870967743,0.8064516129032258
Michigan,1,2021,60.841290322580605,63.48709677419353,67.20096774193551,37.5
Michigan,2,2020,8.330000000000005,9.9,11.31,0.0
Michigan,2,2021,61.109999999999964,65.0,68.93000000000005,37.5
Michigan,3,2020,49.851612903225835,39.36548387096774,42.10709677419354,20.161290322580644
Michigan,3,2021,59.94419354838707,65.07161290322583,69.00967741935482,37.5
Michigan,4,2020,84.32433333333337,68.40333333333332,69.24333333333335,62.5
Michigan,4,2021,54.75333333333337,64.83633333333329,68.74799999999998,37.5
Michigan,5,2020,79.98806451612907,68.31387096774195,69.1409677419355,62.5
Michigan,5,2021,54.630000000000045,65.09999999999997,69.04999999999998,37.5
Michigan,6,2020,59.014000000000024,58.192666666666646,57.58199999999997,62.5
Michigan,6,2021,43.70199999999997,53.228666666666655,55.47666666666668,37.5
Michigan,7,2020,59.49903225806452,59.87806451612906,59.62096774193546,61.693548387096776
Michigan,7,2021,39.81,51.04,52.98000000000001,37.5
Michigan,8,2020,64.39838709677416,61.22161290322578,64.60806451612905,37.5
Michigan,9,2020,52.918999999999954,54.765999999999984,57.231666666666676,37.5
Michigan,10,2020,49.64129032258065,52.91870967741932,55.12774193548383,37.5
Michigan,11,2020,60.99066666666665,62.33033333333336,65.87166666666664,37.5
Michigan,12,2020,65.89064516129028,66.64193548387097,70.80161290322583,37.5
Minnesota,1,2020,1.7029032258064514,2.9738709677419357,3.28258064516129,0.8064516129032258
Minnesota,1,2021,59.29161290322584,56.29903225806455,58.98419354838708,37.5
Minnesota,2,2020,8.330000000000005,9.9,11.31,0.0
Minnesota,2,2021,57.41000000000002,56.15000000000002,58.80999999999996,37.5
Minnesota,3,2020,46.68419354838711,35.29967741935483,37.80516129032258,17.741935483870968
Minnesota,3,2021,55.885483870967775,56.20290322580642,58.87419354838712,37.5
Minnesota,4,2020,78.1473333333333,63.10666666666666,63.19366666666667,62.5
Minnesota,4,2021,54.63000000000004,58.32999999999998,61.30999999999996,37.5
Minnesota,5,2020,70.63903225806449,60.719354838709684,60.46290322580644,62.5
Minnesota,5,2021,52.71774193548389,56.53387096774193,59.256451612903234,37.5
Minnesota,6,2020,63.05399999999996,57.08500000000001,56.310999999999964,62.5
Minnesota,6,2021,39.80999999999997,47.89400000000001,49.370333333333356,37.5
Minnesota,7,2020,61.10999999999996,56.140967741935484,55.347096774193545,61.693548387096776
Minnesota,7,2021,39.81,47.92000000000001,49.399999999999984,37.5
Minnesota,8,2020,61.10999999999996,53.65000000000003,55.95000000000003,37.5
Minnesota,9,2020,57.159999999999975,51.425666666666665,53.411333333333346,37.5
Minnesota,10,2020,51.84999999999997,50.385806451612886,52.22645161290326,37.5
Minnesota,11,2020,58.299666666666695,54.15000000000001,56.52700000000002,37.5
Minnesota,12,2020,69.44000000000004,61.79096774193551,65.25838709677417,37.5
Mississippi,1,2020,0.0,1.9493548387096777,2.1112903225806456,0.8064516129032258
Mississippi,1,2021,53.24,50.84483870967744,50.96516129032257,50.0
Mississippi,2,2020,0.0,5.209999999999999,5.949999999999998,0.0
Mississippi,2,2021,53.24,52.679642857142866,53.06035714285717,50.0
Mississippi,3,2020,33.035483870967724,27.77064516129032,30.29870967741935,10.080645161290322
Mississippi,3,2021,44.14709677419354,49.18516129032258,49.242580645161276,48.79032258064516
Mississippi,4,2020,74.25866666666666,61.40599999999999,61.24766666666667,62.5
Mississippi,4,2021,39.93366666666664,46.67966666666665,47.99933333333334,37.5
Mississippi,5,2020,78.69999999999999,64.05999999999996,64.28999999999998,62.5
Mississippi,5,2021,39.80999999999997,45.72935483870966,46.91064516129035,37.5
Mississippi,6,2020,62.96000000000002,57.628999999999984,56.58199999999997,65.0
Mississippi,6,2021,39.80999999999997,46.60999999999998,47.92000000000001,37.5
Mississippi,7,2020,60.60258064516126,60.86419354838712,57.172903225806465,86.69354838709677
Mississippi,7,2021,39.81,46.61000000000001,47.92000000000001,37.5
Mississippi,8,2020,57.16838709677421,58.120322580645144,57.49741935483872,62.5
Mississippi,9,2020,54.537333333333365,54.208666666666645,55.34500000000001,46.25
Mississippi,10,2020,51.32870967741939,45.27645161290321,48.17322580645163,25.0
Mississippi,11,2020,52.068333333333335,45.691333333333304,48.64633333333337,25.0
Mississippi,12,2020,53.24,47.74193548387097,50.41483870967741,29.032258064516128
Missouri,1,2020,1.7935483870967746,2.956129032258064,3.262903225806451,0.8064516129032258
Missouri,1,2021,51.9261290322581,58.17290322580647,56.172580645161275,72.1774193548387
Missouri,2,2020,5.560000000000001,8.330000000000005,9.520000000000001,0.0
Missouri,2,2021,53.17714285714287,59.8157142857143,59.43214285714287,62.5
Missouri,3,2020,40.53193548387096,31.68709677419354,33.50709677419355,18.951612903225808
Missouri,3,2021,50.58290322580644,59.23419354838707,58.019354838709674,67.74193548387096
Missouri,4,2020,75.30666666666663,61.371666666666655,61.21099999999999,62.5
Missouri,4,2021,45.83,58.51666666666664,56.16866666666663,75.0
Missouri,5,2020,65.62387096774195,58.48193548387093,57.91483870967742,62.5
Missouri,5,2021,41.74354838709676,56.55483870967745,53.916129032258105,75.0
Missouri,6,2020,55.95933333333334,54.39,53.237333333333346,62.5
Missouri,6,2021,36.05333333333336,49.077666666666644,48.77200000000002,51.25
Missouri,7,2020,39.79806451612904,46.837419354838694,45.53032258064519,56.04838709677419
Missouri,7,2021,36.341666666666676,47.269166666666656,48.659166666666664,37.5
Missouri,8,2020,49.50516129032259,49.41258064516129,51.68903225806453,33.46774193548387
Missouri,9,2020,46.76,46.28533333333333,48.730666666666636,29.166666666666668
Missouri,10,2020,46.76,45.39677419354841,48.31096774193548,25.0
Missouri,11,2020,50.062,47.518000000000015,50.735666666666674,25.0
Missouri,12,2020,50.19096774193548,53.524516129032236,56.795483870967736,30.64516129032258
Montana,1,2020,0.0,1.9493548387096777,2.1112903225806456,0.8064516129032258
Montana,1,2021,52.62580645161293,55.54967741935484,56.33967741935484,50.0
Montana,2,2020,1.436206896551724,6.0186206896551715,6.8741379310344835,0.0
Montana,2,2021,52.312499999999986,59.814285714285695,61.21499999999998,50.0
Montana,3,2020,43.218709677419376,37.16548387096775,40.22677419354839,15.725806451612904
Montana,3,2021,49.29741935483868,56.909354838709696,58.00967741935487,49.193548387096776
Montana,4,2020,78.7653333333334,73.31733333333335,71.28666666666665,87.5
Montana,4,2021,42.624000000000024,51.587999999999965,53.60133333333332,37.5
Montana,5,2020,72.57806451612903,69.28677419354838,67.49032258064516,81.85483870967742
Montana,5,2021,42.130000000000024,52.11354838709675,54.20161290322583,37.5
Montana,6,2020,60.19000000000004,61.780666666666676,61.67233333333336,62.5
Montana,6,2021,42.13000000000001,49.7977777777778,51.55111111111113,37.5
Montana,7,2020,60.19000000000004,62.776774193548384,62.9293548387097,61.693548387096776
Montana,7,2021,,,,
Montana,8,2020,57.917419354838756,58.88032258064513,61.93129032258063,37.5
Montana,9,2020,52.77666666666664,54.354999999999954,57.95899999999996,29.166666666666668
Montana,10,2020,52.68548387096772,53.0,57.00064516129032,25.0
Montana,11,2020,52.898333333333326,51.36933333333334,55.134333333333345,25.0
Montana,12,2020,51.7306451612903,51.43935483870968,54.63774193548391,29.032258064516128
Nebraska,1,2020,0.896774193548387,2.4529032258064514,2.687096774193548,0.8064516129032258
Nebraska,1,2021,47.22000000000002,57.60354838709679,55.11645161290323,75.0
Nebraska,2,2020,5.560000000000001,8.330000000000005,9.520000000000001,0.0
Nebraska,2,2021,47.22000000000002,60.259999999999984,57.26,81.25
Nebraska,3,2020,39.68064516129032,31.979354838709686,32.92032258064516,25.403225806451612
Nebraska,3,2021,45.310322580645156,61.51322580645161,56.01645161290325,100.0
Nebraska,4,2020,73.997,58.129999999999974,57.506666666666646,62.5
Nebraska,4,2021,42.59333333333333,62.33333333333334,56.95266666666669,100.0
Nebraska,5,2020,75.0,60.60096774193551,60.328064516129025,62.5
Nebraska,5,2021,36.531290322580666,58.17999999999999,53.245161290322606,92.74193548387096
Nebraska,6,2020,68.521,62.08400000000001,62.02200000000001,62.5
Nebraska,6,2021,37.683000000000014,56.25000000000001,53.99100000000002,72.08333333333333
Nebraska,7,2020,58.73516129032255,58.97741935483869,58.53580645161289,62.096774193548384
Nebraska,7,2021,35.651666666666664,54.03999999999999,52.678333333333335,63.541666666666664
Nebraska,8,2020,54.135161290322614,53.571935483870945,57.423225806451626,26.612903225806452
Nebraska,9,2020,50.618333333333325,54.516666666666694,55.154999999999994,50.0
Nebraska,10,2020,48.23612903225808,51.42677419354837,51.634838709677446,50.0
Nebraska,11,2020,53.77866666666669,58.17166666666671,57.19066666666671,65.0
Nebraska,12,2020,51.05935483870967,58.05000000000001,55.62741935483869,75.0
Nevada,1,2020,0.0,1.9493548387096777,2.1112903225806456,0.8064516129032258
Nevada,1,2021,54.630000000000045,54.264193548387134,56.654193548387084,37.5
Nevada,2,2020,0.3834482758620689,5.425172413793103,6.196206896551724,0.0
Nevada,2,2021,55.55499999999999,57.05999999999999,59.40499999999999,40.625
Nevada,3,2020,41.75548387096775,30.67774193548387,33.10258064516129,13.709677419354838
Nevada,3,2021,58.32999999999998,60.348387096774175,61.94387096774191,49.193548387096776
Nevada,4,2020,76.47999999999998,61.66800000000002,61.54333333333336,62.5
Nevada,4,2021,53.21166666666665,57.719666666666626,60.60766666666669,37.5
Nevada,5,2020,70.12935483870972,62.483225806451614,58.909032258064535,87.5
Nevada,5,2021,51.31774193548387,56.98806451612902,59.76967741935483,37.5
Nevada,6,2020,61.97433333333329,60.749333333333354,56.923000000000016,87.5
Nevada,6,2021,37.960000000000015,49.48000000000001,51.19000000000003,37.5
Nevada,7,2020,58.72290322580644,56.887419354838684,56.204516129032235,61.693548387096776
Nevada,7,2021,37.959999999999994,49.91333333333333,51.685833333333335,37.5
Nevada,8,2020,59.26,54.17000000000002,56.54999999999997,37.5
Nevada,9,2020,58.1186666666667,53.52399999999996,55.81599999999995,37.5
Nevada,10,2020,49.06999999999999,48.44000000000003,50.0,37.5
Nevada,11,2020,50.799000000000014,49.89833333333336,51.666000000000025,37.5
Nevada,12,2020,57.43483870967742,55.91225806451615,58.53838709677421,37.5
New Hampshire,1,2020,0.35870967741935483,2.150645161290323,2.3416129032258066,0.8064516129032258
New Hampshire,1,2021,49.06999999999999,51.38032258064514,51.5806451612903,50.0
New Hampshire,2,2020,5.560000000000001,8.330000000000005,9.520000000000001,0.0
New Hampshire,2,2021,49.07,56.768214285714315,57.732499999999966,50.0
New Hampshire,3,2020,40.92096774193547,38.137419354838705,38.40193548387096,36.29032258064516
New Hampshire,3,2021,44.77322580645163,54.342903225806474,55.0796774193548,49.193548387096776
New Hampshire,4,2020,85.19000000000004,74.98266666666665,73.19133333333336,87.5
New Hampshire,4,2021,41.67,53.189666666666646,55.4276666666667,37.5
New Hampshire,5,2020,82.6767741935484,75.92258064516132,74.27129032258065,87.5
New Hampshire,5,2021,38.49903225806453,49.74838709677421,51.49645161290326,37.5
New Hampshire,6,2020,65.98733333333335,66.02366666666663,62.958666666666616,87.5
New Hampshire,6,2021,37.563214285714295,49.22000000000002,50.890000000000015,37.5
New Hampshire,7,2020,50.0,52.054516129032244,51.49,56.04838709677419
New Hampshire,7,2021,,,,
New Hampshire,8,2020,48.089032258064506,45.536451612903235,50.26032258064514,12.5
New Hampshire,9,2020,43.51999999999999,45.361999999999995,47.32,31.666666666666668
New Hampshire,10,2020,43.51999999999999,44.52999999999998,47.31999999999999,25.0
New Hampshire,11,2020,46.48,45.07966666666668,47.945666666666675,25.0
New Hampshire,12,2020,49.06999999999999,48.46967741935486,51.2454838709677,29.032258064516128
New Jersey,1,2020,0.0,1.9493548387096777,2.1112903225806456,0.8064516129032258
New Jersey,1,2021,54.630000000000045,62.451935483871,60.65612903225803,75.0
New Jersey,2,2020,5.368275862068967,8.222413793103454,9.396896551724142,0.0
New Jersey,2,2021,54.63000000000004,64.17000000000003,62.619999999999955,75.0
New Jersey,3,2020,44.95193548387096,36.94612903225807,38.766774193548386,24.193548387096776
New Jersey,3,2021,52.00161290322578,62.78870967741936,61.15870967741934,74.19354838709677
New Jersey,4,2020,80.186,71.35500000000002,69.99766666666667,80.83333333333333
New Jersey,4,2021,52.0676666666667,65.04766666666664,63.924333333333315,72.91666666666667
New Jersey,5,2020,80.73451612903224,74.49677419354839,72.63419354838709,87.5
New Jersey,5,2021,50.57129032258065,64.39548387096774,62.885806451612886,75.0
New Jersey,6,2020,71.07833333333338,68.97499999999997,66.32633333333334,87.5
New Jersey,6,2021,40.08899999999997,55.88533333333334,53.15733333333335,75.0
New Jersey,7,2020,62.42451612903224,64.63032258064514,61.481612903225816,86.69354838709677
New Jersey,7,2021,34.26,52.86416666666668,49.70250000000001,75.0
New Jersey,8,2020,61.770967741935465,63.90903225806448,64.11677419354837,62.5
New Jersey,9,2020,56.51599999999996,60.95733333333336,60.73499999999995,62.5
New Jersey,10,2020,55.55999999999997,60.42000000000003,60.11999999999995,62.5
New Jersey,11,2020,53.64100000000003,59.34033333333337,58.888000000000005,62.5
New Jersey,12,2020,54.8687096774194,61.13258064516132,60.642258064516156,64.51612903225806
New Mexico,1,2020,0.0,1.9493548387096777,2.1112903225806456,0.8064516129032258
New Mexico,1,2021,73.16225806451615,71.75419354838712,75.49774193548389,45.564516129032256
New Mexico,2,2020,0.0,5.209999999999999,5.949999999999998,0.0
New Mexico,2,2021,66.39857142857146,70.75428571428576,73.71500000000005,50.0
New Mexico,3,2020,47.819354838709664,36.93064516129033,39.15161290322582,21.370967741935484
New Mexico,3,2021,61.09612903225803,65.98838709677416,68.38806451612906,49.193548387096776
New Mexico,4,2020,87.03999999999998,70.19066666666666,71.28666666666666,62.5
New Mexico,4,2021,53.91933333333334,60.66466666666668,63.97233333333335,37.5
New Mexico,5,2020,85.0054838709677,75.33548387096774,77.17096774193548,62.5
New Mexico,5,2021,50.89516129032261,59.84935483870971,63.03741935483874,37.5
New Mexico,6,2020,83.32999999999997,76.03999999999998,77.98,62.5
New Mexico,6,2021,50.0,58.026206896551685,60.95724137931037,37.5
New Mexico,7,2020,83.32999999999997,75.43580645161289,77.40258064516131,61.693548387096776
New Mexico,7,2021,40.74,52.6,54.76,37.5
New Mexico,8,2020,81.53967741935489,68.78354838709679,73.24838709677418,37.5
New Mexico,9,2020,77.03533333333328,68.19533333333335,72.57999999999994,37.5
New Mexico,10,2020,74.52258064516134,66.92161290322585,71.12290322580645,37.5
New Mexico,11,2020,75.925,67.91866666666665,72.26299999999998,37.5
New Mexico,12,2020,73.0283870967742,70.1306451612903,74.79193548387099,37.5
New York,1,2020,1.4348387096774198,2.754838709677419,3.034838709677419,0.8064516129032258
New York,1,2021,69.45870967741936,74.57000000000001,70.93677419354839,100.0
New York,2,2020,7.947931034482764,9.683448275862071,11.063103448275864,0.0
New York,2,2021,67.39428571428574,74.89071428571428,71.30214285714287,100.0
New York,3,2020,54.092580645161306,45.85032258064514,45.256129032258045,50.0
New York,3,2021,60.60225806451613,71.64096774193551,67.58612903225809,100.0
New York,4,2020,82.41,74.50566666666667,70.86300000000003,100.0
New York,4,2021,53.179,69.80999999999999,65.49766666666669,100.0
New York,5,2020,80.37548387096773,80.0751612903226,77.22645161290328,100.0
New York,5,2021,45.100967741935456,63.58193548387095,58.382580645161255,100.0
New York,6,2020,75.77066666666663,78.55766666666662,75.4963333333333,100.0
New York,6,2021,45.37,63.27999999999999,58.039999999999985,100.0
New York,7,2020,74.14806451612903,76.1674193548387,72.76161290322577,100.0
New York,7,2021,,,,
New York,8,2020,72.99709677419358,74.91612903225807,71.32903225806452,100.0
New York,9,2020,72.22000000000001,74.48,70.82999999999997,100.0
New York,10,2020,72.58387096774197,74.91612903225808,71.33096774193552,100.0
New York,11,2020,72.96600000000002,75.93599999999999,72.49799999999999,100.0
New York,12,2020,72.69000000000004,75.21870967741935,71.67741935483866,100.0
North Carolina,1,2020,0.0,1.9493548387096777,2.1112903225806456,0.8064516129032258
North Carolina,1,2021,71.80483870967745,66.07483870967744,66.58290322580642,62.5
North Carolina,2,2020,0.0,5.209999999999999,5.949999999999998,0.0
North Carolina,2,2021,70.07214285714282,68.66392857142853,69.54464285714285,62.5
North Carolina,3,2020,42.50354838709678,34.207419354838706,35.34967741935484,26.20967741935484
North Carolina,3,2021,61.468064516129026,63.92838709677416,64.13451612903226,62.5
North Carolina,4,2020,79.84966666666666,64.36466666666665,64.63500000000002,62.5
North Carolina,4,2021,51.84999999999998,59.86766666666668,59.488333333333294,62.5
North Carolina,5,2020,71.8951612903226,62.676129032258075,62.70290322580647,62.5
North Carolina,5,2021,44.23387096774195,55.37516129032259,54.3567741935484,62.5
North Carolina,6,2020,66.67000000000003,61.226,61.045333333333325,62.5
North Carolina,6,2021,31.573666666666664,47.44433333333332,45.298333333333304,62.5
North Carolina,7,2020,66.67000000000003,63.45612903225804,63.714193548387094,61.693548387096776
North Carolina,7,2021,36.265833333333326,46.96333333333333,48.314166666666665,37.5
North Carolina,8,2020,63.141935483870924,60.70258064516127,63.21032258064521,43.145161290322584
North Carolina,9,2020,60.83233333333329,59.7436666666667,59.341666666666654,62.5
North Carolina,10,2020,61.10999999999996,59.900000000000034,59.51999999999999,62.5
North Carolina,11,2020,62.77800000000004,61.044000000000004,60.83199999999998,62.5
North Carolina,12,2020,63.975161290322546,62.19580645161291,62.14741935483867,62.5
North Dakota,1,2020,0.5380645161290323,2.2512903225806453,2.456774193548387,0.8064516129032258
North Dakota,1,2021,44.69612903225806,51.68354838709682,51.920967741935485,50.0
North Dakota,2,2020,5.560000000000001,8.330000000000005,9.520000000000001,0.0
North Dakota,2,2021,39.80999999999997,51.410000000000004,51.605000000000025,50.0
North Dakota,3,2020,33.63290322580646,27.31806451612903,29.263870967741926,13.709677419354838
North Dakota,3,2021,39.80999999999997,52.02,52.42225806451612,49.193548387096776
North Dakota,4,2020,59.567666666666625,52.09799999999999,50.618,62.5
North Dakota,4,2021,36.23333333333334,51.10933333333331,53.05933333333335,37.5
North Dakota,5,2020,51.22225806451612,50.387096774193566,48.65612903225802,62.5
North Dakota,5,2021,38.93483870967741,52.631935483871004,54.788709677419384,37.5
North Dakota,6,2020,47.22000000000002,48.44000000000003,46.42999999999999,62.5
North Dakota,6,2021,39.86300000000001,53.15299999999998,55.382999999999996,37.5
North Dakota,7,2020,47.22000000000002,47.632580645161305,46.43,56.04838709677419
North Dakota,7,2021,38.88999999999999,52.600000000000016,54.76,37.5
North Dakota,8,2020,46.26516129032259,41.65064516129033,45.81580645161287,12.5
North Dakota,9,2020,39.492,40.47633333333332,42.09200000000002,29.166666666666668
North Dakota,10,2020,47.17774193548385,45.78064516129031,48.750967741935476,25.0
North Dakota,11,2020,48.15000000000003,46.011999999999986,49.01933333333331,25.0
North Dakota,12,2020,47.69000000000003,48.14870967741936,50.88290322580644,29.032258064516128
Ohio,1,2020,1.614193548387097,2.855483870967742,3.1477419354838703,0.8064516129032258
Ohio,1,2021,58.32999999999998,60.27354838709674,63.5267741935484,37.5
Ohio,2,2020,6.134137931034484,8.653793103448281,9.890344827586212,0.0
Ohio,2,2021,55.95142857142861,61.21821428571428,64.60892857142855,37.5
Ohio,3,2020,55.01774193548388,41.800967741935466,45.698064516129016,14.516129032258064
Ohio,3,2021,54.630000000000045,60.62741935483869,63.93322580645159,37.5
Ohio,4,2020,82.28633333333332,67.1196666666667,67.77966666666664,62.5
Ohio,4,2021,51.053333333333335,61.00933333333337,64.3693333333333,37.5
Ohio,5,2020,71.17774193548391,64.31161290322581,64.57193548387097,62.5
Ohio,5,2021,50.93000000000001,60.94000000000004,64.28999999999998,37.5
Ohio,6,2020,66.67000000000003,64.47599999999996,64.76466666666667,62.5
Ohio,6,2021,38.39233333333335,52.375333333333316,54.50733333333335,37.5
Ohio,7,2020,66.67000000000003,65.83709677419358,66.42741935483869,61.693548387096776
Ohio,7,2021,37.96,52.08,54.17,37.5
Ohio,8,2020,64.42967741935482,62.28193548387098,65.82290322580644,37.5
Ohio,9,2020,59.57000000000003,59.55000000000002,62.69999999999998,37.5
Ohio,10,2020,54.630000000000045,56.76999999999999,59.51999999999999,37.5
Ohio,11,2020,56.10999999999998,57.60199999999996,60.47200000000003,37.5
Ohio,12,2020,58.32999999999998,60.140322580645126,63.376129032258056,37.5
Oklahoma,1,2020,1.4348387096774196,2.754838709677419,3.0325806451612896,0.8064516129032258
Oklahoma,1,2021,46.059999999999974,49.93064516129033,49.91870967741931,50.0
Oklahoma,2,2020,5.560000000000001,8.330000000000005,9.520000000000001,0.0
Oklahoma,2,2021,46.299999999999976,51.512500000000024,51.72749999999998,50.0
Oklahoma,3,2020,41.81516129032258,33.18322580645161,35.21419354838709,18.951612903225808
Oklahoma,3,2021,46.299999999999976,51.735483870967784,52.96064516129031,43.145161290322584
Oklahoma,4,2020,77.36200000000004,65.65366666666671,66.10166666666663,62.5
Oklahoma,4,2021,46.299999999999976,53.33766666666669,55.590666666666685,37.5
Oklahoma,5,2020,59.002903225806435,58.50225806451614,57.931935483871,62.5
Oklahoma,5,2021,46.18032258064514,53.16612903225809,55.405483870967764,37.5
Oklahoma,6,2020,51.94600000000003,51.796,50.26666666666667,62.5
Oklahoma,6,2021,46.299999999999976,54.95000000000003,57.44000000000004,37.5
Oklahoma,7,2020,45.41387096774195,48.60548387096774,47.53903225806451,56.04838709677419
Oklahoma,7,2021,45.06,54.25666666666665,56.64666666666667,37.5
Oklahoma,8,2020,43.025161290322586,42.17064516129031,46.405806451612925,12.5
Oklahoma,9,2020,40.27999999999998,42.71000000000003,44.640000000000015,29.166666666666668
Oklahoma,10,2020,40.818064516129006,42.49193548387099,44.98645161290324,25.0
Oklahoma,11,2020,43.05999999999997,43.75,46.42999999999999,25.0
Oklahoma,12,2020,43.14387096774197,45.998709677419356,48.4225806451613,29.032258064516128
Oregon,1,2020,0.0,1.9493548387096777,2.1112903225806456,0.8064516129032258
Oregon,1,2021,61.10999999999996,60.439032258064486,60.14612903225805,62.5
Oregon,2,2020,0.3834482758620689,5.568965517241378,6.360689655172413,0.0
Oregon,2,2021,61.109999999999964,62.07999999999998,62.01999999999999,62.5
Oregon,3,2020,42.80129032258065,38.03774193548387,39.14967741935485,30.241935483870968
Oregon,3,2021,61.10999999999996,61.94580645161288,61.86645161290321,62.5
Oregon,4,2020,78.7,68.07400000000001,65.30100000000002,87.5
Oregon,4,2021,58.48599999999998,61.60666666666666,61.480999999999966,62.5
Oregon,5,2020,72.8516129032258,65.78903225806447,62.69096774193548,87.5
Oregon,5,2021,53.55580645161289,60.97161290322581,62.47903225806454,62.5
Oregon,6,2020,59.90999999999997,59.39966666666669,55.384666666666654,87.5
Oregon,6,2021,54.81466666666667,64.68733333333333,64.99900000000001,62.5
Oregon,7,2020,61.260645161290334,60.285806451612935,56.51161290322578,86.69354838709677
Oregon,7,2021,43.51999999999999,58.33,57.74,62.5
Oregon,8,2020,66.54709677419355,59.309354838709666,58.85322580645158,62.5
Oregon,9,2020,60.12333333333333,55.69533333333335,54.725333333333346,62.5
Oregon,10,2020,59.26,59.512258064516146,59.08354838709673,62.5
Oregon,11,2020,60.061666666666625,60.14033333333332,59.80266666666666,62.5
Oregon,12,2020,61.10999999999996,59.418709677419336,58.98548387096771,62.5
Pennsylvania,1,2020,0.0,1.9493548387096777,2.1112903225806456,0.8064516129032258
Pennsylvania,1,2021,55.526129032258105,62.58580645161293,64.37935483870969,50.0
Pennsylvania,2,2020,5.942068965517243,8.546551724137935,9.767586206896555,0.0
Pennsylvania,2,2021,54.63000000000004,64.17000000000003,66.19000000000004,50.0
Pennsylvania,3,2020,42.69516129032258,35.089999999999996,34.85999999999999,36.693548387096776
Pennsylvania,3,2021,43.51999999999999,55.02806451612903,55.748387096774174,50.0
Pennsylvania,4,2020,82.34700000000002,69.06333333333332,68.33333333333333,74.16666666666667
Pennsylvania,4,2021,41.47999999999997,54.10600000000002,54.691,50.0
Pennsylvania,5,2020,73.68580645161295,66.3632258064516,64.03806451612903,82.66129032258064
Pennsylvania,5,2021,41.97967741935486,55.38612903225808,56.15387096774194,50.0
Pennsylvania,6,2020,62.06466666666665,62.37866666666667,58.788666666666714,87.5
Pennsylvania,6,2021,36.55733333333333,50.879333333333356,51.00033333333332,50.0
Pennsylvania,7,2020,62.60096774193551,65.84290322580645,62.86580645161294,86.69354838709677
Pennsylvania,7,2021,34.26,48.699999999999996,48.51,50.0
Pennsylvania,8,2020,64.88709677419354,64.84129032258065,65.18000000000002,62.5
Pennsylvania,9,2020,59.13533333333334,61.49366666666667,64.08533333333332,43.333333333333336
Pennsylvania,10,2020,53.95741935483871,61.602580645161325,63.25935483870965,50.0
Pennsylvania,11,2020,55.772,61.94533333333334,63.650666666666645,50.0
Pennsylvania,12,2020,63.39677419354843,66.63354838709672,69.01161290322582,50.0
Rhode Island,1,2020,0.3583870967741935,2.1509677419354842,2.341935483870968,0.8064516129032258
Rhode Island,1,2021,64.18838709677418,70.15677419354839,69.34870967741934,75.80645161290323
Rhode Island,2,2020,11.110000000000008,11.459999999999999,13.100000000000005,0.0
Rhode Island,2,2021,59.65714285714285,68.61749999999998,67.70607142857142,75.0
Rhode Island,3,2020,47.54903225806452,42.523548387096774,41.051290322580634,52.82258064516129
Rhode Island,3,2021,59.26,66.77,66.63612903225804,67.74193548387096
Rhode Island,4,2020,82.41,71.04233333333335,68.69033333333337,87.5
Rhode Island,4,2021,59.26,67.25,67.93000000000004,62.5
Rhode Island,5,2020,79.53774193548387,73.55741935483874,71.56322580645164,87.5
Rhode Island,5,2021,57.58903225806449,67.10161290322577,67.76129032258066,62.5
Rhode Island,6,2020,71.97333333333336,69.65133333333331,67.10133333333333,87.5
Rhode Island,6,2021,52.563999999999986,62.47899999999997,63.55466666666664,55.0
Rhode Island,7,2020,67.98193548387096,71.60870967741938,69.33290322580645,87.5
Rhode Island,7,2021,39.81,53.11999999999999,55.36,37.5
Rhode Island,8,2020,64.15483870967743,70.4622580645161,68.02774193548387,87.5
Rhode Island,9,2020,69.07500000000005,73.23200000000006,71.18700000000005,87.5
Rhode Island,10,2020,66.13193548387099,71.57677419354842,69.29483870967746,87.5
Rhode Island,11,2020,65.79933333333332,71.38866666666664,69.08733333333335,87.5
Rhode Island,12,2020,68.48935483870964,73.62548387096773,71.64612903225806,87.5
South Carolina,1,2020,0.5380645161290323,2.2512903225806453,2.456774193548387,0.8064516129032258
South Carolina,1,2021,49.06999999999999,54.34870967741933,56.76064516129035,37.5
South Carolina,2,2020,6.325517241379313,8.76172413793104,10.01379310344828,0.0
South Carolina,2,2021,49.07,56.60999999999997,59.34999999999997,37.5
South Carolina,3,2020,43.69580645161288,36.861935483870965,37.3458064516129,33.46774193548387
South Carolina,3,2021,47.279677419354854,57.94580645161293,59.18838709677418,49.193548387096776
South Carolina,4,2020,82.47033333333336,70.40133333333334,67.95400000000002,87.5
South Carolina,4,2021,39.01000000000001,53.45099999999997,55.734333333333296,37.5
South Carolina,5,2020,71.95193548387098,66.92000000000002,65.93612903225807,73.79032258064517
South Carolina,5,2021,36.0835483870968,51.27483870967741,53.2445161290323,37.5
South Carolina,6,2020,54.936666666666646,57.41466666666668,56.68566666666667,62.5
South Carolina,6,2021,35.190000000000026,50.51999999999999,52.38000000000004,37.5
South Carolina,7,2020,49.06999999999999,55.88903225806452,55.05999999999997,61.693548387096776
South Carolina,7,2021,35.19,50.51999999999999,52.38,37.5
South Carolina,8,2020,56.240967741935535,57.02967741935485,59.820000000000036,37.5
South Carolina,9,2020,54.63000000000004,55.99,58.630000000000045,37.5
South Carolina,10,2020,54.630000000000045,56.94612903225804,59.727096774193576,37.5
South Carolina,11,2020,53.51800000000001,56.925999999999995,59.705999999999996,37.5
South Carolina,12,2020,49.06999999999999,54.354838709677374,56.76774193548389,37.5
South Dakota,1,2020,0.0,1.9493548387096777,2.1112903225806456,0.8064516129032258
South Dakota,1,2021,41.84903225806451,43.8483870967742,44.75709677419355,37.5
South Dakota,2,2020,1.149310344827586,5.856551724137931,6.689655172413792,0.0
South Dakota,2,2021,42.13249999999999,45.00249999999999,46.074999999999974,37.5
South Dakota,3,2020,43.09870967741936,32.76129032258065,34.275161290322586,22.083333333333332
South Dakota,3,2021,41.67000000000001,46.68612903225806,48.00129032258066,37.5
South Dakota,4,2020,66.17066666666663,54.567000000000014,53.42966666666668,62.5
South Dakota,4,2021,38.08366666666668,47.916000000000004,49.39933333333336,37.5
South Dakota,5,2020,49.18967741935484,48.146451612903235,46.0916129032258,62.5
South Dakota,5,2021,37.960000000000015,48.38129032258065,49.93225806451612,37.5
South Dakota,6,2020,49.07,49.22000000000002,47.32,62.5
South Dakota,6,2021,37.960000000000015,48.96000000000002,50.59999999999999,37.5
South Dakota,7,2020,49.06999999999999,49.119032258064536,47.31999999999999,61.693548387096776
South Dakota,7,2021,37.959999999999994,48.96,50.600000000000016,37.5
South Dakota,8,2020,47.21999999999999,45.05000000000001,46.130000000000024,37.5
South Dakota,9,2020,40.675666666666636,40.32866666666668,41.92533333333332,29.166666666666668
South Dakota,10,2020,41.27548387096771,40.144193548387115,42.31161290322579,25.0
South Dakota,11,2020,41.78866666666666,40.434666666666665,42.639333333333326,25.0
South Dakota,12,2020,41.67000000000001,41.33903225806453,43.39032258064517,27.016129032258064
Tennessee,1,2020,0.0,1.9493548387096777,2.1112903225806456,0.8064516129032258
Tennessee,1,2021,62.05129032258059,59.96903225806451,61.3916129032258,50.0
Tennessee,2,2020,0.0,5.209999999999999,5.949999999999998,0.0
Tennessee,2,2021,57.869999999999955,58.675714285714285,59.915,50.0
Tennessee,3,2020,39.39741935483871,31.551612903225802,34.04290322580645,14.112903225806452
Tennessee,3,2021,54.913225806451614,56.36612903225804,57.39322580645162,49.193548387096776
Tennessee,4,2020,75.37433333333338,65.295,65.69300000000003,62.5
Tennessee,4,2021,45.494666666666674,50.58,52.44966666666669,37.5
Tennessee,5,2020,67.73870967741935,63.103870967741926,63.193225806451586,62.5
Tennessee,5,2021,37.039999999999985,46.02290322580644,47.24677419354836,37.5
Tennessee,6,2020,64.80999999999996,60.35066666666672,60.04066666666668,62.5
Tennessee,6,2021,37.960000000000015,46.50566666666664,47.972000000000016,37.5
Tennessee,7,2020,63.01967741935486,60.46129032258066,60.28548387096776,61.693548387096776
Tennessee,7,2021,37.959999999999994,46.87,48.21,37.5
Tennessee,8,2020,59.37935483870966,55.23419354838712,58.111935483871,35.08064516129032
Tennessee,9,2020,55.51366666666664,52.31733333333332,55.620333333333356,29.166666666666668
Tennessee,10,2020,54.17000000000002,51.03999999999998,54.76,25.0
Tennessee,11,2020,53.36133333333329,50.58933333333332,54.24566666666665,25.0
Tennessee,12,2020,58.85258064516128,54.90806451612903,58.6090322580645,29.032258064516128
Texas,1,2020,0.35870967741935483,2.1506451612903223,2.342258064516129,0.8064516129032258
Texas,1,2021,54.551935483870956,54.15645161290323,54.74999999999999,50.0
Texas,2,2020,2.7800000000000007,6.770000000000001,7.740000000000003,0.0
Texas,2,2021,52.30999999999997,51.957857142857165,53.1317857142857,43.75
Texas,3,2020,40.66451612903227,32.77225806451614,35.09096774193548,16.532258064516128
Texas,3,2021,48.911935483871005,53.37096774193551,55.63774193548391,37.5
Texas,4,2020,77.26866666666666,65.85866666666668,66.341,62.5
Texas,4,2021,47.69000000000003,55.21000000000002,57.74,37.5
Texas,5,2020,67.54774193548386,60.910645161290304,60.686451612903234,62.5
Texas,5,2021,42.564666666666675,52.21709677419355,54.32354838709676,37.5
Texas,6,2020,50.73966666666668,51.69266666666667,50.149,62.5
Texas,6,2021,38.43,49.108571428571416,50.76571428571428,37.5
Texas,7,2020,58.755161290322555,58.83322580645158,58.428387096774244,61.693548387096776
Texas,7,2021,,,,
Texas,8,2020,58.08193548387093,53.84096774193547,56.1732258064516,37.5
Texas,9,2020,55.08999999999999,50.779999999999994,53.86999999999996,29.166666666666668
Texas,10,2020,53.65870967741939,49.45483870967742,52.94870967741936,25.0
Texas,11,2020,56.88233333333331,51.267,55.02033333333329,25.0
Texas,12,2020,55.08999999999998,51.651935483870986,54.884838709677396,29.032258064516128
Utah,1,2020,0.0,1.9493548387096777,2.1112903225806456,0.8064516129032258
Utah,1,2021,42.17354838709678,45.107741935483894,44.40612903225807,50.0
Utah,2,2020,1.150344827586207,5.85551724137931,6.688620689655175,0.0
Utah,2,2021,39.352500000000006,44.86857142857143,44.129285714285736,50.0
Utah,3,2020,42.353548387096765,31.83903225806451,34.946451612903225,10.080645161290322
Utah,3,2021,38.129354838709666,46.442258064516125,46.04483870967739,49.193548387096776
Utah,4,2020,66.85000000000007,56.198000000000015,55.29599999999997,62.5
Utah,4,2021,33.91666666666668,44.599999999999994,45.616666666666674,37.5
Utah,5,2020,56.391935483870974,52.75645161290322,51.36322580645164,62.5
Utah,5,2021,35.781290322580645,44.94096774193547,46.005483870967765,37.5
Utah,6,2020,56.61899999999998,53.15200000000003,51.817999999999984,62.5
Utah,6,2021,34.26,44.01,44.94000000000003,37.5
Utah,7,2020,55.62709677419358,53.66451612903225,53.325483870967766,56.04838709677419
Utah,7,2021,34.26,44.01,44.94,37.5
Utah,8,2020,55.14967741935486,47.95354838709681,53.01838709677417,12.5
Utah,9,2020,46.57099999999999,45.20699999999999,47.496999999999986,29.166666666666668
Utah,10,2020,50.013548387096776,45.64580645161288,48.59419354838711,25.0
Utah,11,2020,53.24,47.28099999999999,50.462666666666685,25.0
Utah,12,2020,54.047096774193584,48.29774193548388,51.04774193548387,29.032258064516128
Vermont,1,2020,0.7174193548387097,2.351935483870968,2.5719354838709676,0.8064516129032258
Vermont,1,2021,69.44000000000004,73.53838709677423,71.54387096774191,87.5
Vermont,2,2020,5.560000000000001,8.330000000000005,9.520000000000001,0.0
Vermont,2,2021,69.44000000000004,74.67607142857146,72.84392857142855,87.5
Vermont,3,2020,48.56709677419356,38.321290322580644,41.31935483870966,17.338709677419356
Vermont,3,2021,68.4851612903226,73.42258064516128,71.41064516129035,87.5
Vermont,4,2020,81.04966666666665,66.47533333333332,67.04633333333332,62.5
Vermont,4,2021,63.330666666666694,73.21275862068967,71.1710344827586,87.5
Vermont,5,2020,75.59677419354838,72.54709677419355,71.90483870967743,77.01612903225806
Vermont,5,2021,53.91709677419357,67.95903225806445,65.17,87.5
Vermont,6,2020,70.24666666666667,71.49333333333333,69.2086666666667,87.5
Vermont,6,2021,39.81533333333333,58.195666666666696,54.00600000000004,87.5
Vermont,7,2020,68.52,67.52129032258061,64.66967741935487,87.5
Vermont,7,2021,33.33416666666666,54.17,49.399999999999984,87.5
Vermont,8,2020,65.83161290322582,65.15451612903223,61.9635483870968,87.5
Vermont,9,2020,62.003999999999984,63.00266666666666,59.50766666666668,87.5
Vermont,10,2020,61.56999999999998,65.88451612903224,64.7577419354839,73.79032258064517
Vermont,11,2020,66.0296666666667,67.35033333333334,68.04733333333336,62.5
Vermont,12,2020,69.44000000000004,71.65064516129034,71.80838709677415,70.56451612903226
Virginia,1,2020,0.0,1.9493548387096777,2.1112903225806456,0.8064516129032258
Virginia,1,2021,63.89000000000004,68.7761290322581,67.88096774193548,75.0
Virginia,2,2020,0.0,5.209999999999999,5.949999999999998,0.0
Virginia,2,2021,61.507142857142824,65.72857142857139,64.40142857142854,75.0
Virginia,3,2020,38.26000000000001,30.274193548387093,31.318709677419356,22.983870967741936
Virginia,3,2021,54.630000000000045,59.6809677419355,57.60548387096774,74.19354838709677
Virginia,4,2020,76.29933333333335,60.516999999999975,59.16733333333334,70.0
Virginia,4,2021,51.84999999999998,57.32933333333329,56.59733333333337,62.5
Virginia,5,2020,76.67096774193548,64.21096774193543,60.883225806451634,87.5
Virginia,5,2021,48.17709677419356,55.89645161290322,54.9551612903226,62.5
Virginia,6,2020,70.5056666666667,64.69266666666665,61.676333333333304,85.83333333333333
Virginia,6,2021,42.28333333333331,52.42666666666665,50.993333333333354,62.5
Virginia,7,2020,60.23451612903229,56.17451612903226,55.38870967741932,61.693548387096776
Virginia,7,2021,38.81384615384614,50.480000000000004,48.75923076923077,62.5
Virginia,8,2020,57.45032258064515,54.31064516129031,56.71064516129031,37.5
Virginia,9,2020,50.89166666666669,51.022666666666645,52.957666666666675,37.5
Virginia,10,2020,50.46000000000002,50.77999999999998,52.68000000000001,37.5
Virginia,11,2020,51.20133333333331,52.81233333333334,54.04966666666663,44.166666666666664
Virginia,12,2020,58.84096774193553,62.174193548387095,63.3364516129032,54.03225806451613
Washington,1,2020,0.0,2.0500000000000003,2.2264516129032264,0.8064516129032258
Washington,1,2021,62.03999999999998,61.558387096774226,59.63387096774197,75.0
Washington,2,2020,0.19172413793103446,5.389655172413791,6.155172413793102,0.0
Washington,2,2021,62.03999999999998,63.88571428571428,62.294999999999995,75.0
Washington,3,2020,48.40161290322582,40.09483870967742,42.36838709677418,24.193548387096776
Washington,3,2021,59.20032258064519,64.15903225806456,62.60774193548387,75.0
Washington,4,2020,79.63000000000007,65.46399999999996,65.89199999999995,62.5
Washington,4,2021,60.4933333333333,66.71666666666668,65.52866666666665,75.0
Washington,5,2020,72.6858064516129,61.98838709677421,61.9125806451613,62.5
Washington,5,2021,54.35935483870968,66.54806451612902,65.34290322580641,75.0
Washington,6,2020,64.78366666666665,59.87666666666669,59.50466666666667,62.5
Washington,6,2021,48.79233333333333,62.86366666666665,61.131333333333295,75.0
Washington,7,2020,65.27999999999999,62.76,62.79999999999997,62.5
Washington,7,2021,40.74,58.33,55.95,75.0
Washington,8,2020,64.32258064516127,61.83741935483873,60.65032258064516,70.16129032258064
Washington,9,2020,61.56999999999998,60.16000000000002,58.03999999999998,75.0
Washington,10,2020,61.56999999999998,60.160000000000025,58.03999999999998,75.0
Washington,11,2020,61.38933333333331,60.05466666666669,57.916666666666636,75.0
Washington,12,2020,62.03999999999998,61.46838709677422,59.5293548387097,75.0
Washington DC,1,2020,0.0,1.9493548387096777,2.1112903225806456,0.8064516129032258
Washington DC,1,2021,67.02645161290324,70.09387096774195,69.39225806451616,75.0
Washington DC,2,2020,0.0,5.209999999999999,5.949999999999998,0.0
Washington DC,2,2021,64.15428571428575,70.56857142857146,69.92999999999999,75.0
Washington DC,3,2020,42.47354838709676,34.156774193548394,34.71548387096774,30.241935483870968
Washington DC,3,2021,63.89000000000004,70.18419354838713,69.60645161290323,74.19354838709677
Washington DC,4,2020,87.03999999999998,70.5353333333333,68.11333333333337,87.5
Washington DC,4,2021,59.386666666666706,67.90266666666668,68.67566666666669,62.5
Washington DC,5,2020,86.0241935483871,72.07612903225808,69.87032258064517,87.5
Washington DC,5,2021,54.00290322580649,64.98677419354834,65.3429032258065,62.5
Washington DC,6,2020,77.22399999999996,67.397,64.52300000000004,87.5
Washington DC,6,2021,43.05666666666666,58.06999999999998,57.44333333333334,62.5
Washington DC,7,2020,73.11677419354841,65.99225806451612,63.03741935483871,86.69354838709677
Washington DC,7,2021,43.51999999999999,58.330000000000005,57.74,62.5
Washington DC,8,2020,73.53580645161288,67.7396774193548,68.4883870967742,62.5
Washington DC,9,2020,68.52,64.57999999999997,66.06999999999995,54.166666666666664
Washington DC,10,2020,68.16129032258064,63.85870967741932,65.8396774193548,50.0
Washington DC,11,2020,66.91233333333331,64.05999999999996,66.06999999999995,50.0
Washington DC,12,2020,65.88709677419352,66.77290322580644,68.42161290322579,55.24193548387097
West Virginia,1,2020,0.0,1.9493548387096777,2.1112903225806456,0.8064516129032258
West Virginia,1,2021,53.794516129032246,61.04967741935482,62.62967741935482,50.0
West Virginia,2,2020,0.7668965517241378,5.6403448275862065,6.44241379310345,0.0
West Virginia,2,2021,52.38357142857143,61.85714285714284,63.55499999999995,50.0
West Virginia,3,2020,43.905806451612904,33.85387096774194,36.32838709677419,16.532258064516128
West Virginia,3,2021,50.93000000000001,61.67838709677417,63.35064516129031,50.0
West Virginia,4,2020,82.28633333333332,63.21133333333333,63.31799999999998,62.5
West Virginia,4,2021,49.28111111111112,61.455555555555556,63.09777777777778,50.0
West Virginia,5,2020,68.90838709677423,63.054838709677426,63.133870967741906,62.5
West Virginia,5,2021,37.06612903225808,49.175862068965536,49.857586206896535,43.95161290322581
West Virginia,6,2020,63.885999999999946,61.14800000000003,60.949,62.5
West Virginia,6,2021,37.960000000000015,48.336000000000006,50.59999999999999,37.5
West Virginia,7,2020,58.78258064516125,57.78000000000001,58.022903225806445,56.04838709677419
West Virginia,7,2021,37.959999999999994,48.959999999999994,50.600000000000016,37.5
West Virginia,8,2020,60.27451612903225,52.807096774193525,58.56032258064517,12.5
West Virginia,9,2020,54.138333333333314,55.312,56.54833333333333,46.666666666666664
West Virginia,10,2020,52.6006451612903,56.53516129032258,57.47096774193548,50.0
West Virginia,11,2020,52.77999999999998,55.73000000000002,58.80799999999999,34.166666666666664
West Virginia,12,2020,53.317096774193566,57.46677419354838,61.526129032258055,29.032258064516128
Wisconsin,1,2020,2.690322580645162,3.4593548387096766,3.8387096774193536,0.8064516129032258
Wisconsin,1,2021,56.01999999999999,53.43258064516128,55.708064516129056,37.5
Wisconsin,2,2020,5.560000000000001,8.330000000000005,9.520000000000001,0.0
Wisconsin,2,2021,54.13357142857143,56.82785714285717,59.586785714285675,37.5
Wisconsin,3,2020,43.04064516129031,35.43258064516129,36.00290322580645,31.451612903225808
Wisconsin,3,2021,51.26709677419357,55.60645161290319,58.19548387096775,37.5
Wisconsin,4,2020,79.19800000000004,67.033,64.10633333333334,87.5
Wisconsin,4,2021,50.46000000000002,57.47666666666664,60.33000000000002,37.5
Wisconsin,5,2020,65.8167741935484,63.668064516129036,60.84032258064515,83.46774193548387
Wisconsin,5,2021,50.46000000000002,57.80999999999996,60.71000000000002,37.5
Wisconsin,6,2020,53.23999999999999,56.562,55.71266666666668,62.5
Wisconsin,6,2021,41.82,52.11933333333336,54.20333333333334,37.5
Wisconsin,7,2020,55.08999999999998,56.434516129032254,55.68387096774192,61.693548387096776
Wisconsin,7,2021,34.26,48.760000000000005,50.36538461538461,37.5
Wisconsin,8,2020,55.08999999999998,54.17000000000002,56.54999999999997,37.5
Wisconsin,9,2020,51.51333333333336,52.149666666666654,54.24933333333335,37.5
Wisconsin,10,2020,54.22774193548386,53.67967741935487,55.99032258064519,37.5
Wisconsin,11,2020,56.01999999999999,52.6033333333333,54.75999999999999,37.5
Wisconsin,12,2020,56.01999999999999,52.930967741935454,55.138387096774224,37.5
Wyoming,1,2020,0.896774193548387,2.4529032258064514,2.687096774193548,0.8064516129032258
Wyoming,1,2021,61.10999999999996,58.01032258064518,59.156774193548394,50.0
Wyoming,2,2020,5.560000000000001,8.330000000000005,9.520000000000001,0.0
Wyoming,2,2021,59.71999999999998,58.77428571428574,60.02500000000002,50.0
Wyoming,3,2020,41.91806451612904,33.844838709677425,37.12451612903227,10.887096774193548
Wyoming,3,2021,56.900322580645145,56.42161290322578,57.45451612903229,49.193548387096776
Wyoming,4,2020,75.0,63.490000000000016,63.62933333333334,62.5
Wyoming,4,2021,51.973666666666645,53.34866666666669,55.60833333333335,37.5
Wyoming,5,2020,73.3296774193548,65.72516129032256,66.18741935483872,62.5
Wyoming,5,2021,49.88064516129031,53.42838709677419,55.700967741935465,37.5
Wyoming,6,2020,63.27066666666662,61.84133333333338,58.530666666666676,85.0
Wyoming,6,2021,46.299999999999976,51.55999999999997,53.57,37.5
Wyoming,7,2020,61.10999999999996,60.8058064516129,57.10161290322581,86.69354838709677
Wyoming,7,2021,46.300000000000004,51.56,53.57,37.5
Wyoming,8,2020,60.15516129032259,59.360645161290314,58.905806451612925,62.5
Wyoming,9,2020,57.22500000000001,53.851333333333294,57.021000000000036,31.666666666666668
Wyoming,10,2020,55.79870967741934,51.34193548387095,55.10548387096778,25.0
Wyoming,11,2020,58.52200000000001,53.74800000000002,57.85600000000002,25.0
Wyoming,12,2020,65.89225806451611,59.16419354838707,63.47064516129034,29.032258064516128
